id,time,phenomenons,geometry,GPS Speed,GPS HDOP,GPS Bearing
52f3836be4b0d8e8c27ed6f2,2014-02-01T14:17:33Z,"{'GPS Bearing': {'value': 75.4000015258789, 'unit': 'deg'}, 'GPS Accuracy': {'value': 23.0, 'unit': '%'}, 'Intake Temperature': {'value': 31.0, 'unit': 'c'}, 'GPS Altitude': {'value': 112.0, 'unit': 'm'}, 'GPS VDOP': {'value': 2.4, 'unit': 'precision'}, 'MAF': {'value': 12.989999771118164, 'unit': 'l/s'}, 'Engine Load': {'value': 64.31372833251953, 'unit': '%'}, 'GPS HDOP': {'value': 1.5, 'unit': 'precision'}, 'Calculated MAF': {'value': 12.750849357435055, 'unit': 'g/s'}, 'Rpm': {'value': 780.0, 'unit': 'u/min'}, 'O2 Lambda Voltage ER': {'value': 0.996978759765625, 'unit': 'ratio'}, 'Throttle Position': {'value': 87.0, 'unit': '%'}, 'Speed': {'value': 1.0, 'unit': 'km/h'}, 'O2 Lambda Voltage': {'value': 0.0, 'unit': 'V'}, 'GPS PDOP': {'value': 2.8, 'unit': 'precision'}, 'Intake Pressure': {'value': 101.0, 'unit': 'kPa'}, 'GPS Speed': {'value': 1.8, 'unit': 'km/h'}}",POINT (7.65244051 51.95425102),1.8,1.5,75.4000015258789
52f3836be4b0d8e8c27ed6f4,2014-02-01T14:17:43Z,"{'GPS VDOP': {'value': 0.8, 'unit': 'precision'}, 'Intake Temperature': {'value': 31.0, 'unit': 'c'}, 'Rpm': {'value': 779.0, 'unit': 'u/min'}, 'GPS Accuracy': {'value': 11.0, 'unit': '%'}, 'GPS Bearing': {'value': 276.1000061035156, 'unit': 'deg'}, 'Throttle Position': {'value': 87.0, 'unit': '%'}, 'MAF': {'value': 9.359999656677246, 'unit': 'l/s'}, 'Speed': {'value': 5.0, 'unit': 'km/h'}, 'GPS Altitude': {'value': 102.0, 'unit': 'm'}, 'Intake Pressure': {'value': 101.0, 'unit': 'kPa'}, 'GPS PDOP': {'value': 1.2, 'unit': 'precision'}, 'Engine Load': {'value': 61.960784912109375, 'unit': '%'}, 'GPS Speed': {'value': 5.4, 'unit': 'km/h'}, 'GPS HDOP': {'value': 0.9, 'unit': 'precision'}, 'Calculated MAF': {'value': 12.734502114669114, 'unit': 'g/s'}}",POINT (7.6522655 51.95411199),5.4,0.9,276.1000061035156
52f3836be4b0d8e8c27ed6f6,2014-02-01T14:17:49Z,"{'Intake Temperature': {'value': 30.0, 'unit': 'c'}, 'Calculated MAF': {'value': 12.869882361312259, 'unit': 'g/s'}, 'MAF': {'value': 7.880000114440918, 'unit': 'l/s'}, 'GPS Bearing': {'value': 77.5, 'unit': 'deg'}, 'Engine Load': {'value': 62.35293960571289, 'unit': '%'}, 'GPS Speed': {'value': 2.7, 'unit': 'km/h'}, 'Rpm': {'value': 777.0, 'unit': 'u/min'}, 'GPS HDOP': {'value': 1.0, 'unit': 'precision'}, 'Intake Pressure': {'value': 102.0, 'unit': 'kPa'}, 'GPS Accuracy': {'value': 11.0, 'unit': '%'}, 'Throttle Position': {'value': 87.0, 'unit': '%'}, 'GPS PDOP': {'value': 1.3, 'unit': 'precision'}, 'GPS Altitude': {'value': 106.0, 'unit': 'm'}, 'GPS VDOP': {'value': 0.9, 'unit': 'precision'}, 'Speed': {'value': 3.0, 'unit': 'km/h'}}",POINT (7.6523155 51.95410998),2.7,1.0,77.5
52f3836be4b0d8e8c27ed6f8,2014-02-01T14:17:55Z,"{'GPS VDOP': {'value': 0.8, 'unit': 'precision'}, 'Intake Pressure': {'value': 100.0, 'unit': 'kPa'}, 'Intake Temperature': {'value': 30.0, 'unit': 'c'}, 'GPS Bearing': {'value': 101.80000305175781, 'unit': 'deg'}, 'Rpm': {'value': 781.0, 'unit': 'u/min'}, 'MAF': {'value': 13.359999656677246, 'unit': 'l/s'}, 'O2 Lambda Voltage ER': {'value': 0.996978759765625, 'unit': 'ratio'}, 'Throttle Position': {'value': 87.0, 'unit': '%'}, 'Speed': {'value': 4.0, 'unit': 'km/h'}, 'GPS Accuracy': {'value': 12.0, 'unit': '%'}, 'O2 Lambda Voltage': {'value': 0.0, 'unit': 'V'}, 'Engine Load': {'value': 63.13725662231445, 'unit': '%'}, 'Calculated MAF': {'value': 12.682486845061286, 'unit': 'g/s'}, 'GPS PDOP': {'value': 1.2, 'unit': 'precision'}, 'GPS Altitude': {'value': 109.0, 'unit': 'm'}, 'GPS Speed': {'value': 4.5, 'unit': 'km/h'}, 'GPS HDOP': {'value': 0.9, 'unit': 'precision'}}",POINT (7.65241153 51.9541026),4.5,0.9,101.80000305175781
52f3836be4b0d8e8c27ed6fa,2014-02-01T14:18:01Z,"{'MAF': {'value': 14.520000457763672, 'unit': 'l/s'}, 'Speed': {'value': 2.0, 'unit': 'km/h'}, 'GPS VDOP': {'value': 0.8, 'unit': 'precision'}, 'Intake Pressure': {'value': 100.0, 'unit': 'kPa'}, 'GPS Altitude': {'value': 104.0, 'unit': 'm'}, 'Intake Temperature': {'value': 29.0, 'unit': 'c'}, 'Rpm': {'value': 784.0, 'unit': 'u/min'}, 'O2 Lambda Voltage ER': {'value': 0.996978759765625, 'unit': 'ratio'}, 'GPS Accuracy': {'value': 10.0, 'unit': '%'}, 'GPS HDOP': {'value': 1.0, 'unit': 'precision'}, 'Throttle Position': {'value': 87.0, 'unit': '%'}, 'GPS PDOP': {'value': 1.3, 'unit': 'precision'}, 'O2 Lambda Voltage': {'value': 0.0, 'unit': 'V'}, 'Engine Load': {'value': 61.568626403808594, 'unit': '%'}, 'Calculated MAF': {'value': 12.773338557541962, 'unit': 'g/s'}, 'GPS Bearing': {'value': 98.69999694824219, 'unit': 'deg'}, 'GPS Speed': {'value': 4.5, 'unit': 'km/h'}}",POINT (7.65256718 51.95405963),4.5,1.0,98.69999694824219
52f3836be4b0d8e8c27ed6fc,2014-02-01T14:18:07Z,"{'GPS VDOP': {'value': 0.8, 'unit': 'precision'}, 'Intake Pressure': {'value': 100.0, 'unit': 'kPa'}, 'Intake Temperature': {'value': 29.0, 'unit': 'c'}, 'MAF': {'value': 13.65999984741211, 'unit': 'l/s'}, 'Rpm': {'value': 783.0, 'unit': 'u/min'}, 'Calculated MAF': {'value': 12.757046033871626, 'unit': 'g/s'}, 'GPS Bearing': {'value': 87.5999984741211, 'unit': 'deg'}, 'GPS HDOP': {'value': 1.0, 'unit': 'precision'}, 'GPS Speed': {'value': 3.6, 'unit': 'km/h'}, 'GPS Accuracy': {'value': 11.0, 'unit': '%'}, 'Throttle Position': {'value': 87.0, 'unit': '%'}, 'GPS PDOP': {'value': 1.3, 'unit': 'precision'}, 'GPS Altitude': {'value': 106.0, 'unit': 'm'}, 'Speed': {'value': 3.0, 'unit': 'km/h'}, 'Engine Load': {'value': 63.92156982421875, 'unit': '%'}}",POINT (7.65265088 51.95406143),3.6,1.0,87.5999984741211
52f3836be4b0d8e8c27ed6fe,2014-02-01T14:18:13Z,"{'GPS PDOP': {'value': 1.1, 'unit': 'precision'}, 'Speed': {'value': 2.0, 'unit': 'km/h'}, 'GPS Accuracy': {'value': 6.0, 'unit': '%'}, 'Intake Pressure': {'value': 100.0, 'unit': 'kPa'}, 'Intake Temperature': {'value': 29.0, 'unit': 'c'}, 'Engine Load': {'value': 61.17647171020508, 'unit': '%'}, 'Rpm': {'value': 780.0, 'unit': 'u/min'}, 'O2 Lambda Voltage ER': {'value': 0.996978759765625, 'unit': 'ratio'}, 'Throttle Position': {'value': 87.0, 'unit': '%'}, 'O2 Lambda Voltage': {'value': 0.0, 'unit': 'V'}, 'GPS VDOP': {'value': 0.7, 'unit': 'precision'}, 'GPS Altitude': {'value': 98.0, 'unit': 'm'}, 'GPS Bearing': {'value': 112.30000305175781, 'unit': 'deg'}, 'MAF': {'value': 10.770000457763672, 'unit': 'l/s'}, 'Calculated MAF': {'value': 12.708168462860623, 'unit': 'g/s'}, 'GPS HDOP': {'value': 0.9, 'unit': 'precision'}, 'GPS Speed': {'value': 1.8, 'unit': 'km/h'}}",POINT (7.65270107 51.95400748),1.8,0.9,112.30000305175781
52f3836be4b0d8e8c27ed700,2014-02-01T14:18:19Z,"{'GPS VDOP': {'value': 0.8, 'unit': 'precision'}, 'GPS Accuracy': {'value': 7.0, 'unit': '%'}, 'Speed': {'value': 11.0, 'unit': 'km/h'}, 'Intake Temperature': {'value': 27.0, 'unit': 'c'}, 'Calculated MAF': {'value': 24.473864858693734, 'unit': 'g/s'}, 'O2 Lambda Voltage ER': {'value': 0.996978759765625, 'unit': 'ratio'}, 'Engine Load': {'value': 69.80392456054688, 'unit': '%'}, 'Throttle Position': {'value': 87.0, 'unit': '%'}, 'O2 Lambda Voltage': {'value': 0.0, 'unit': 'V'}, 'Rpm': {'value': 1369.0, 'unit': 'u/min'}, 'GPS Bearing': {'value': 28.799999237060547, 'unit': 'deg'}, 'Intake Pressure': {'value': 109.0, 'unit': 'kPa'}, 'MAF': {'value': 17.190000534057617, 'unit': 'l/s'}, 'GPS PDOP': {'value': 1.2, 'unit': 'precision'}, 'GPS Speed': {'value': 8.1, 'unit': 'km/h'}, 'GPS HDOP': {'value': 0.9, 'unit': 'precision'}, 'GPS Altitude': {'value': 97.0, 'unit': 'm'}}",POINT (7.65275211 51.9540513),8.1,0.9,28.799999237060547
52f3836be4b0d8e8c27ed702,2014-02-01T14:18:25Z,"{'Speed': {'value': 0.0, 'unit': 'km/h'}, 'Intake Temperature': {'value': 28.0, 'unit': 'c'}, 'GPS Bearing': {'value': 22.299999237060547, 'unit': 'deg'}, 'Rpm': {'value': 782.0, 'unit': 'u/min'}, 'MAF': {'value': 15.579999923706055, 'unit': 'l/s'}, 'GPS Speed': {'value': 0.0, 'unit': 'km/h'}, 'Throttle Position': {'value': 87.0, 'unit': '%'}, 'Calculated MAF': {'value': 12.910891116846734, 'unit': 'g/s'}, 'GPS PDOP': {'value': 1.5, 'unit': 'precision'}, 'GPS VDOP': {'value': 0.9, 'unit': 'precision'}, 'GPS Altitude': {'value': 98.0, 'unit': 'm'}, 'GPS Accuracy': {'value': 4.0, 'unit': '%'}, 'Intake Pressure': {'value': 101.0, 'unit': 'kPa'}, 'Engine Load': {'value': 61.960784912109375, 'unit': '%'}, 'GPS HDOP': {'value': 1.2, 'unit': 'precision'}}",POINT (7.65282412 51.95412704),0.0,1.2,22.299999237060547
52f3836be4b0d8e8c27ed704,2014-02-01T14:18:31Z,"{'GPS Accuracy': {'value': 6.0, 'unit': '%'}, 'GPS PDOP': {'value': 1.7, 'unit': 'precision'}, 'GPS Speed': {'value': 13.5, 'unit': 'km/h'}, 'Speed': {'value': 10.0, 'unit': 'km/h'}, 'GPS Bearing': {'value': 11.899999618530273, 'unit': 'deg'}, 'GPS HDOP': {'value': 1.5, 'unit': 'precision'}, 'Intake Temperature': {'value': 27.0, 'unit': 'c'}, 'Calculated MAF': {'value': 29.794213215501202, 'unit': 'g/s'}, 'Rpm': {'value': 1465.0, 'unit': 'u/min'}, 'O2 Lambda Voltage ER': {'value': 0.996978759765625, 'unit': 'ratio'}, 'Intake Pressure': {'value': 124.0, 'unit': 'kPa'}, 'MAF': {'value': 33.40999984741211, 'unit': 'l/s'}, 'Throttle Position': {'value': 87.0, 'unit': '%'}, 'O2 Lambda Voltage': {'value': 0.0, 'unit': 'V'}, 'GPS VDOP': {'value': 0.9, 'unit': 'precision'}, 'GPS Altitude': {'value': 98.0, 'unit': 'm'}, 'Engine Load': {'value': 63.92156982421875, 'unit': '%'}}",POINT (7.65284847 51.95420413),13.5,1.5,11.899999618530273
52f3836be4b0d8e8c27ed706,2014-02-01T14:18:37Z,"{'Calculated MAF': {'value': 12.858451591408643, 'unit': 'g/s'}, 'GPS VDOP': {'value': 0.8, 'unit': 'precision'}, 'Intake Pressure': {'value': 100.0, 'unit': 'kPa'}, 'GPS Altitude': {'value': 104.0, 'unit': 'm'}, 'Speed': {'value': 11.0, 'unit': 'km/h'}, 'Rpm': {'value': 784.0, 'unit': 'u/min'}, 'Intake Temperature': {'value': 27.0, 'unit': 'c'}, 'O2 Lambda Voltage ER': {'value': 0.996978759765625, 'unit': 'ratio'}, 'GPS Speed': {'value': 14.4, 'unit': 'km/h'}, 'Engine Load': {'value': 34.117645263671875, 'unit': '%'}, 'Throttle Position': {'value': 87.0, 'unit': '%'}, 'GPS PDOP': {'value': 1.3, 'unit': 'precision'}, 'O2 Lambda Voltage': {'value': 0.0, 'unit': 'V'}, 'MAF': {'value': 9.470000267028809, 'unit': 'l/s'}, 'GPS HDOP': {'value': 1.1, 'unit': 'precision'}, 'GPS Accuracy': {'value': 5.0, 'unit': '%'}, 'GPS Bearing': {'value': 19.700000762939453, 'unit': 'deg'}}",POINT (7.65293855 51.954444),14.4,1.1,19.700000762939453
52f3836be4b0d8e8c27ed708,2014-02-01T14:18:43Z,"{'GPS VDOP': {'value': 0.8, 'unit': 'precision'}, 'Rpm': {'value': 1540.0, 'unit': 'u/min'}, 'Intake Temperature': {'value': 26.0, 'unit': 'c'}, 'GPS Altitude': {'value': 107.0, 'unit': 'm'}, 'GPS Speed': {'value': 19.8, 'unit': 'km/h'}, 'Engine Load': {'value': 55.29411697387695, 'unit': '%'}, 'Throttle Position': {'value': 87.0, 'unit': '%'}, 'Speed': {'value': 16.0, 'unit': 'km/h'}, 'GPS Bearing': {'value': 304.6000061035156, 'unit': 'deg'}, 'GPS Accuracy': {'value': 4.0, 'unit': '%'}, 'GPS PDOP': {'value': 1.2, 'unit': 'precision'}, 'MAF': {'value': 41.380001068115234, 'unit': 'l/s'}, 'GPS HDOP': {'value': 0.9, 'unit': 'precision'}, 'Calculated MAF': {'value': 33.70499863106771, 'unit': 'g/s'}, 'Intake Pressure': {'value': 133.0, 'unit': 'kPa'}}",POINT (7.6527012 51.95455613),19.8,0.9,304.6000061035156
52f3836be4b0d8e8c27ed70a,2014-02-01T14:18:49Z,"{'GPS Bearing': {'value': 297.5, 'unit': 'deg'}, 'GPS VDOP': {'value': 0.8, 'unit': 'precision'}, 'Engine Load': {'value': 1.5686274766921997, 'unit': '%'}, 'Calculated MAF': {'value': 16.765801497680954, 'unit': 'g/s'}, 'MAF': {'value': 14.880000114440918, 'unit': 'l/s'}, 'GPS Accuracy': {'value': 8.0, 'unit': '%'}, 'Intake Temperature': {'value': 24.0, 'unit': 'c'}, 'O2 Lambda Voltage ER': {'value': 0.996978759765625, 'unit': 'ratio'}, 'Throttle Position': {'value': 87.0, 'unit': '%'}, 'O2 Lambda Voltage': {'value': 0.0, 'unit': 'V'}, 'Rpm': {'value': 1002.0, 'unit': 'u/min'}, 'GPS Altitude': {'value': 106.0, 'unit': 'm'}, 'Speed': {'value': 20.0, 'unit': 'km/h'}, 'Intake Pressure': {'value': 101.0, 'unit': 'kPa'}, 'GPS PDOP': {'value': 1.2, 'unit': 'precision'}, 'GPS Speed': {'value': 21.6, 'unit': 'km/h'}, 'GPS HDOP': {'value': 0.9, 'unit': 'precision'}}",POINT (7.65214054 51.95470718),21.6,0.9,297.5
52f3836be4b0d8e8c27ed70c,2014-02-01T14:18:55Z,"{'GPS VDOP': {'value': 0.8, 'unit': 'precision'}, 'GPS Accuracy': {'value': 6.0, 'unit': '%'}, 'Intake Pressure': {'value': 113.0, 'unit': 'kPa'}, 'Intake Temperature': {'value': 25.0, 'unit': 'c'}, 'O2 Lambda Voltage ER': {'value': 0.996978759765625, 'unit': 'ratio'}, 'GPS Altitude': {'value': 107.0, 'unit': 'm'}, 'Speed': {'value': 7.0, 'unit': 'km/h'}, 'GPS Speed': {'value': 11.700000000000001, 'unit': 'km/h'}, 'Throttle Position': {'value': 87.0, 'unit': '%'}, 'MAF': {'value': 45.52000045776367, 'unit': 'l/s'}, 'GPS Bearing': {'value': 319.8999938964844, 'unit': 'deg'}, 'O2 Lambda Voltage': {'value': 0.0, 'unit': 'V'}, 'Engine Load': {'value': 80.0, 'unit': '%'}, 'Rpm': {'value': 1702.0, 'unit': 'u/min'}, 'GPS PDOP': {'value': 1.2, 'unit': 'precision'}, 'GPS HDOP': {'value': 0.9, 'unit': 'precision'}, 'Calculated MAF': {'value': 31.755148261853403, 'unit': 'g/s'}}",POINT (7.65184986 51.9548298),11.700000000000001,0.9,319.8999938964844
52f3836be4b0d8e8c27ed70e,2014-02-01T14:19:01Z,"{'GPS VDOP': {'value': 0.8, 'unit': 'precision'}, 'GPS Speed': {'value': 13.5, 'unit': 'km/h'}, 'Intake Temperature': {'value': 23.0, 'unit': 'c'}, 'O2 Lambda Voltage ER': {'value': 0.996978759765625, 'unit': 'ratio'}, 'Engine Load': {'value': 73.33333587646484, 'unit': '%'}, 'O2 Lambda Voltage': {'value': 0.0, 'unit': 'V'}, 'GPS Altitude': {'value': 106.0, 'unit': 'm'}, 'Intake Pressure': {'value': 111.0, 'unit': 'kPa'}, 'GPS Bearing': {'value': 276.0, 'unit': 'deg'}, 'MAF': {'value': 24.90999984741211, 'unit': 'l/s'}, 'Throttle Position': {'value': 86.0, 'unit': '%'}, 'Calculated MAF': {'value': 26.27436267332021, 'unit': 'g/s'}, 'GPS Accuracy': {'value': 4.0, 'unit': '%'}, 'GPS PDOP': {'value': 1.2, 'unit': 'precision'}, 'Rpm': {'value': 1424.0, 'unit': 'u/min'}, 'Speed': {'value': 14.0, 'unit': 'km/h'}, 'GPS HDOP': {'value': 0.9, 'unit': 'precision'}}",POINT (7.65159042 51.95496887),13.5,0.9,276.0
52f3836be4b0d8e8c27ed710,2014-02-01T14:19:07Z,"{'Engine Load': {'value': 3.529411792755127, 'unit': '%'}, 'GPS PDOP': {'value': 1.4, 'unit': 'precision'}, 'GPS Bearing': {'value': 272.29998779296875, 'unit': 'deg'}, 'Intake Temperature': {'value': 22.0, 'unit': 'c'}, 'O2 Lambda Voltage ER': {'value': 0.996978759765625, 'unit': 'ratio'}, 'Intake Pressure': {'value': 124.0, 'unit': 'kPa'}, 'GPS Altitude': {'value': 107.0, 'unit': 'm'}, 'MAF': {'value': 16.969999313354492, 'unit': 'l/s'}, 'Throttle Position': {'value': 87.0, 'unit': '%'}, 'O2 Lambda Voltage': {'value': 0.0, 'unit': 'V'}, 'GPS HDOP': {'value': 1.1, 'unit': 'precision'}, 'GPS Speed': {'value': 20.7, 'unit': 'km/h'}, 'Speed': {'value': 22.0, 'unit': 'km/h'}, 'GPS VDOP': {'value': 0.9, 'unit': 'precision'}, 'Calculated MAF': {'value': 32.118948019305414, 'unit': 'g/s'}, 'GPS Accuracy': {'value': 5.0, 'unit': '%'}, 'Rpm': {'value': 1553.0, 'unit': 'u/min'}}",POINT (7.651128 51.95500017),20.7,1.1,272.29998779296875
52f3836be4b0d8e8c27ed712,2014-02-01T14:19:13Z,"{'MAF': {'value': 23.719999313354492, 'unit': 'l/s'}, 'Engine Load': {'value': 97.64705657958984, 'unit': '%'}, 'GPS Accuracy': {'value': 7.0, 'unit': '%'}, 'Calculated MAF': {'value': 20.142614202489177, 'unit': 'g/s'}, 'GPS PDOP': {'value': 1.4, 'unit': 'precision'}, 'Intake Temperature': {'value': 23.0, 'unit': 'c'}, 'O2 Lambda Voltage ER': {'value': 0.996978759765625, 'unit': 'ratio'}, 'GPS Speed': {'value': 10.8, 'unit': 'km/h'}, 'Rpm': {'value': 1188.0, 'unit': 'u/min'}, 'Intake Pressure': {'value': 102.0, 'unit': 'kPa'}, 'Throttle Position': {'value': 87.0, 'unit': '%'}, 'O2 Lambda Voltage': {'value': 0.0, 'unit': 'V'}, 'GPS HDOP': {'value': 1.1, 'unit': 'precision'}, 'GPS Altitude': {'value': 106.0, 'unit': 'm'}, 'GPS VDOP': {'value': 0.9, 'unit': 'precision'}, 'Speed': {'value': 13.0, 'unit': 'km/h'}, 'GPS Bearing': {'value': 265.20001220703125, 'unit': 'deg'}}",POINT (7.65080303 51.95498567),10.8,1.1,265.20001220703125
52f3836be4b0d8e8c27ed714,2014-02-01T14:19:19Z,"{'GPS Accuracy': {'value': 6.0, 'unit': '%'}, 'Speed': {'value': 36.0, 'unit': 'km/h'}, 'Engine Load': {'value': 65.09803771972656, 'unit': '%'}, 'Intake Pressure': {'value': 121.0, 'unit': 'kPa'}, 'GPS Bearing': {'value': 275.70001220703125, 'unit': 'deg'}, 'Calculated MAF': {'value': 29.198678697431138, 'unit': 'g/s'}, 'GPS Speed': {'value': 35.1, 'unit': 'km/h'}, 'O2 Lambda Voltage ER': {'value': 0.996978759765625, 'unit': 'ratio'}, 'Intake Temperature': {'value': 20.0, 'unit': 'c'}, 'Throttle Position': {'value': 87.0, 'unit': '%'}, 'O2 Lambda Voltage': {'value': 0.0, 'unit': 'V'}, 'GPS PDOP': {'value': 1.5, 'unit': 'precision'}, 'GPS Altitude': {'value': 106.0, 'unit': 'm'}, 'Rpm': {'value': 1437.0, 'unit': 'u/min'}, 'GPS VDOP': {'value': 0.9, 'unit': 'precision'}, 'MAF': {'value': 18.65999984741211, 'unit': 'l/s'}, 'GPS HDOP': {'value': 1.2, 'unit': 'precision'}}",POINT (7.65000642 51.95508894),35.1,1.2,275.70001220703125
52f3836be4b0d8e8c27ed716,2014-02-01T14:19:25Z,"{'Calculated MAF': {'value': 29.72448994818994, 'unit': 'g/s'}, 'GPS Accuracy': {'value': 6.0, 'unit': '%'}, 'GPS Bearing': {'value': 276.79998779296875, 'unit': 'deg'}, 'Speed': {'value': 40.0, 'unit': 'km/h'}, 'O2 Lambda Voltage ER': {'value': 0.996978759765625, 'unit': 'ratio'}, 'MAF': {'value': 20.690000534057617, 'unit': 'l/s'}, 'Intake Temperature': {'value': 21.0, 'unit': 'c'}, 'GPS Altitude': {'value': 107.0, 'unit': 'm'}, 'Throttle Position': {'value': 87.0, 'unit': '%'}, 'GPS Speed': {'value': 38.7, 'unit': 'km/h'}, 'O2 Lambda Voltage': {'value': 0.0, 'unit': 'V'}, 'GPS PDOP': {'value': 1.5, 'unit': 'precision'}, 'GPS VDOP': {'value': 0.9, 'unit': 'precision'}, 'Rpm': {'value': 1558.0, 'unit': 'u/min'}, 'Engine Load': {'value': 61.960784912109375, 'unit': '%'}, 'GPS HDOP': {'value': 1.2, 'unit': 'precision'}, 'Intake Pressure': {'value': 114.0, 'unit': 'kPa'}}",POINT (7.64904798 51.95514516),38.7,1.2,276.79998779296875
52f3836be4b0d8e8c27ed718,2014-02-01T14:19:31Z,"{'Rpm': {'value': 1546.0, 'unit': 'u/min'}, 'Intake Pressure': {'value': 108.0, 'unit': 'kPa'}, 'GPS Accuracy': {'value': 6.0, 'unit': '%'}, 'Speed': {'value': 40.0, 'unit': 'km/h'}, 'Engine Load': {'value': 64.31372833251953, 'unit': '%'}, 'O2 Lambda Voltage ER': {'value': 0.996978759765625, 'unit': 'ratio'}, 'Intake Temperature': {'value': 21.0, 'unit': 'c'}, 'GPS HDOP': {'value': 1.0, 'unit': 'precision'}, 'MAF': {'value': 15.720000267028809, 'unit': 'l/s'}, 'Throttle Position': {'value': 87.0, 'unit': '%'}, 'GPS PDOP': {'value': 1.3, 'unit': 'precision'}, 'O2 Lambda Voltage': {'value': 0.0, 'unit': 'V'}, 'GPS Altitude': {'value': 106.0, 'unit': 'm'}, 'Calculated MAF': {'value': 27.943149323634536, 'unit': 'g/s'}, 'GPS VDOP': {'value': 0.9, 'unit': 'precision'}, 'GPS Bearing': {'value': 269.0, 'unit': 'deg'}, 'GPS Speed': {'value': 31.5, 'unit': 'km/h'}}",POINT (7.64822849 51.95515427),31.5,1.0,269.0
52f3836be4b0d8e8c27ed71a,2014-02-01T14:19:37Z,"{'GPS Speed': {'value': 39.6, 'unit': 'km/h'}, 'GPS Altitude': {'value': 104.0, 'unit': 'm'}, 'Rpm': {'value': 1537.0, 'unit': 'u/min'}, 'GPS Bearing': {'value': 286.20001220703125, 'unit': 'deg'}, 'Engine Load': {'value': 56.47058868408203, 'unit': '%'}, 'O2 Lambda Voltage ER': {'value': 0.996978759765625, 'unit': 'ratio'}, 'Intake Temperature': {'value': 21.0, 'unit': 'c'}, 'Throttle Position': {'value': 87.0, 'unit': '%'}, 'O2 Lambda Voltage': {'value': 0.0, 'unit': 'V'}, 'Calculated MAF': {'value': 28.03770564201802, 'unit': 'g/s'}, 'Speed': {'value': 39.0, 'unit': 'km/h'}, 'MAF': {'value': 24.610000610351562, 'unit': 'l/s'}, 'GPS VDOP': {'value': 0.9, 'unit': 'precision'}, 'GPS PDOP': {'value': 1.6, 'unit': 'precision'}, 'Intake Pressure': {'value': 109.0, 'unit': 'kPa'}, 'GPS Accuracy': {'value': 5.0, 'unit': '%'}, 'GPS HDOP': {'value': 1.2, 'unit': 'precision'}}",POINT (7.64724738 51.95532042),39.6,1.2,286.20001220703125
52f3836be4b0d8e8c27ed71c,2014-02-01T14:19:43Z,"{'Engine Load': {'value': 0.0, 'unit': '%'}, 'Rpm': {'value': 1205.0, 'unit': 'u/min'}, 'Speed': {'value': 27.0, 'unit': 'km/h'}, 'Intake Temperature': {'value': 22.0, 'unit': 'c'}, 'O2 Lambda Voltage ER': {'value': 0.996978759765625, 'unit': 'ratio'}, 'GPS Altitude': {'value': 107.0, 'unit': 'm'}, 'GPS HDOP': {'value': 1.0, 'unit': 'precision'}, 'MAF': {'value': 16.90999984741211, 'unit': 'l/s'}, 'Throttle Position': {'value': 87.0, 'unit': '%'}, 'GPS Speed': {'value': 29.7, 'unit': 'km/h'}, 'GPS PDOP': {'value': 1.3, 'unit': 'precision'}, 'O2 Lambda Voltage': {'value': 0.0, 'unit': 'V'}, 'GPS VDOP': {'value': 0.9, 'unit': 'precision'}, 'GPS Bearing': {'value': 286.5, 'unit': 'deg'}, 'Intake Pressure': {'value': 101.0, 'unit': 'kPa'}, 'Calculated MAF': {'value': 20.299091086396597, 'unit': 'g/s'}, 'GPS Accuracy': {'value': 5.0, 'unit': '%'}}",POINT (7.6464373 51.95548357),29.7,1.0,286.5
52f3836be4b0d8e8c27ed71e,2014-02-01T14:19:49Z,"{'Speed': {'value': 0.0, 'unit': 'km/h'}, 'Engine Load': {'value': 59.2156867980957, 'unit': '%'}, 'Intake Pressure': {'value': 100.0, 'unit': 'kPa'}, 'GPS Altitude': {'value': 104.0, 'unit': 'm'}, 'Rpm': {'value': 783.0, 'unit': 'u/min'}, 'GPS PDOP': {'value': 1.4, 'unit': 'precision'}, 'Intake Temperature': {'value': 23.0, 'unit': 'c'}, 'O2 Lambda Voltage ER': {'value': 0.996978759765625, 'unit': 'ratio'}, 'GPS Bearing': {'value': 285.79998779296875, 'unit': 'deg'}, 'Calculated MAF': {'value': 13.015503829594165, 'unit': 'g/s'}, 'GPS Speed': {'value': 0.0, 'unit': 'km/h'}, 'Throttle Position': {'value': 87.0, 'unit': '%'}, 'O2 Lambda Voltage': {'value': 0.0, 'unit': 'V'}, 'GPS HDOP': {'value': 1.1, 'unit': 'precision'}, 'GPS VDOP': {'value': 0.9, 'unit': 'precision'}, 'MAF': {'value': 12.239999771118164, 'unit': 'l/s'}, 'GPS Accuracy': {'value': 5.0, 'unit': '%'}}",POINT (7.64623486 51.95551605),0.0,1.1,285.79998779296875
52f3836be4b0d8e8c27ed720,2014-02-01T14:19:55Z,"{'Speed': {'value': 0.0, 'unit': 'km/h'}, 'GPS VDOP': {'value': 0.8, 'unit': 'precision'}, 'GPS Accuracy': {'value': 6.0, 'unit': '%'}, 'Engine Load': {'value': 49.411766052246094, 'unit': '%'}, 'Intake Pressure': {'value': 100.0, 'unit': 'kPa'}, 'GPS Bearing': {'value': 319.20001220703125, 'unit': 'deg'}, 'Intake Temperature': {'value': 24.0, 'unit': 'c'}, 'Rpm': {'value': 781.0, 'unit': 'u/min'}, 'O2 Lambda Voltage ER': {'value': 0.996978759765625, 'unit': 'ratio'}, 'GPS Speed': {'value': 0.0, 'unit': 'km/h'}, 'GPS HDOP': {'value': 1.0, 'unit': 'precision'}, 'Throttle Position': {'value': 87.0, 'unit': '%'}, 'GPS PDOP': {'value': 1.3, 'unit': 'precision'}, 'O2 Lambda Voltage': {'value': 0.0, 'unit': 'V'}, 'MAF': {'value': 9.859999656677246, 'unit': 'l/s'}, 'GPS Altitude': {'value': 102.0, 'unit': 'm'}, 'Calculated MAF': {'value': 12.938569365910581, 'unit': 'g/s'}}",POINT (7.64617474 51.95547506),0.0,1.0,319.20001220703125
52f3836be4b0d8e8c27ed722,2014-02-01T14:20:01Z,"{'GPS Bearing': {'value': 283.0, 'unit': 'deg'}, 'Calculated MAF': {'value': 61.62394257551573, 'unit': 'g/s'}, 'Rpm': {'value': 1938.0, 'unit': 'u/min'}, 'GPS Altitude': {'value': 104.0, 'unit': 'm'}, 'Engine Load': {'value': 52.94117736816406, 'unit': '%'}, 'MAF': {'value': 94.22000122070312, 'unit': 'l/s'}, 'GPS Accuracy': {'value': 7.0, 'unit': '%'}, 'GPS PDOP': {'value': 1.4, 'unit': 'precision'}, 'O2 Lambda Voltage ER': {'value': 0.996978759765625, 'unit': 'ratio'}, 'Intake Temperature': {'value': 21.0, 'unit': 'c'}, 'Throttle Position': {'value': 87.0, 'unit': '%'}, 'O2 Lambda Voltage': {'value': 0.0, 'unit': 'V'}, 'Speed': {'value': 19.0, 'unit': 'km/h'}, 'GPS HDOP': {'value': 1.1, 'unit': 'precision'}, 'GPS VDOP': {'value': 0.9, 'unit': 'precision'}, 'Intake Pressure': {'value': 190.0, 'unit': 'kPa'}, 'GPS Speed': {'value': 18.0, 'unit': 'km/h'}}",POINT (7.64598832 51.95549834),18.0,1.1,283.0
52f3836be4b0d8e8c27ed724,2014-02-01T14:20:07Z,"{'GPS Speed': {'value': 47.7, 'unit': 'km/h'}, 'GPS Accuracy': {'value': 7.0, 'unit': '%'}, 'Intake Pressure': {'value': 144.0, 'unit': 'kPa'}, 'MAF': {'value': 24.940000534057617, 'unit': 'l/s'}, 'O2 Lambda Voltage ER': {'value': 0.996978759765625, 'unit': 'ratio'}, 'GPS HDOP': {'value': 1.0, 'unit': 'precision'}, 'Intake Temperature': {'value': 18.0, 'unit': 'c'}, 'Throttle Position': {'value': 87.0, 'unit': '%'}, 'Calculated MAF': {'value': 34.646674578838194, 'unit': 'g/s'}, 'GPS PDOP': {'value': 1.3, 'unit': 'precision'}, 'Engine Load': {'value': 21.568628311157227, 'unit': '%'}, 'O2 Lambda Voltage': {'value': 0.0, 'unit': 'V'}, 'GPS VDOP': {'value': 0.9, 'unit': 'precision'}, 'Speed': {'value': 48.0, 'unit': 'km/h'}, 'GPS Bearing': {'value': 289.8999938964844, 'unit': 'deg'}, 'Rpm': {'value': 1423.0, 'unit': 'u/min'}, 'GPS Altitude': {'value': 105.0, 'unit': 'm'}}",POINT (7.64503941 51.95570326),47.7,1.0,289.8999938964844
52f3836be4b0d8e8c27ed726,2014-02-01T14:20:13Z,"{'Intake Pressure': {'value': 108.0, 'unit': 'kPa'}, 'GPS VDOP': {'value': 0.8, 'unit': 'precision'}, 'GPS Accuracy': {'value': 6.0, 'unit': '%'}, 'GPS Altitude': {'value': 100.0, 'unit': 'm'}, 'Rpm': {'value': 1401.0, 'unit': 'u/min'}, 'Speed': {'value': 47.0, 'unit': 'km/h'}, 'O2 Lambda Voltage ER': {'value': 0.996978759765625, 'unit': 'ratio'}, 'Engine Load': {'value': 26.27450942993164, 'unit': '%'}, 'Calculated MAF': {'value': 25.49570111833044, 'unit': 'g/s'}, 'GPS Speed': {'value': 46.800000000000004, 'unit': 'km/h'}, 'Intake Temperature': {'value': 19.0, 'unit': 'c'}, 'GPS HDOP': {'value': 1.0, 'unit': 'precision'}, 'Throttle Position': {'value': 87.0, 'unit': '%'}, 'GPS Bearing': {'value': 300.29998779296875, 'unit': 'deg'}, 'GPS PDOP': {'value': 1.3, 'unit': 'precision'}, 'O2 Lambda Voltage': {'value': 0.0, 'unit': 'V'}, 'MAF': {'value': 17.049999237060547, 'unit': 'l/s'}}",POINT (7.64407407 51.95607419),46.800000000000004,1.0,300.29998779296875
52f3836be4b0d8e8c27ed728,2014-02-01T14:20:18Z,"{'Intake Pressure': {'value': 104.0, 'unit': 'kPa'}, 'Calculated MAF': {'value': 23.29754877164206, 'unit': 'g/s'}, 'Engine Load': {'value': 52.94117736816406, 'unit': '%'}, 'GPS Accuracy': {'value': 7.0, 'unit': '%'}, 'GPS Altitude': {'value': 100.0, 'unit': 'm'}, 'Speed': {'value': 44.0, 'unit': 'km/h'}, 'Rpm': {'value': 1334.0, 'unit': 'u/min'}, 'GPS PDOP': {'value': 1.4, 'unit': 'precision'}, 'GPS Bearing': {'value': 301.79998779296875, 'unit': 'deg'}, 'Intake Temperature': {'value': 20.0, 'unit': 'c'}, 'Throttle Position': {'value': 87.0, 'unit': '%'}, 'MAF': {'value': 17.520000457763672, 'unit': 'l/s'}, 'GPS HDOP': {'value': 1.1, 'unit': 'precision'}, 'GPS VDOP': {'value': 0.9, 'unit': 'precision'}, 'GPS Speed': {'value': 45.0, 'unit': 'km/h'}}",POINT (7.643315 51.95635464),45.0,1.1,301.79998779296875
52f3836be4b0d8e8c27ed72a,2014-02-01T14:20:23Z,"{'GPS Bearing': {'value': 301.1000061035156, 'unit': 'deg'}, 'Speed': {'value': 40.0, 'unit': 'km/h'}, 'GPS Altitude': {'value': 96.0, 'unit': 'm'}, 'MAF': {'value': 10.630000114440918, 'unit': 'l/s'}, 'GPS PDOP': {'value': 1.4, 'unit': 'precision'}, 'GPS Accuracy': {'value': 9.0, 'unit': '%'}, 'O2 Lambda Voltage ER': {'value': 0.996978759765625, 'unit': 'ratio'}, 'Intake Temperature': {'value': 20.0, 'unit': 'c'}, 'Intake Pressure': {'value': 102.0, 'unit': 'kPa'}, 'Rpm': {'value': 1185.0, 'unit': 'u/min'}, 'Throttle Position': {'value': 87.0, 'unit': '%'}, 'O2 Lambda Voltage': {'value': 0.0, 'unit': 'V'}, 'GPS Speed': {'value': 40.5, 'unit': 'km/h'}, 'GPS HDOP': {'value': 1.1, 'unit': 'precision'}, 'Engine Load': {'value': 13.72549057006836, 'unit': '%'}, 'GPS VDOP': {'value': 0.9, 'unit': 'precision'}, 'Calculated MAF': {'value': 20.297361319544862, 'unit': 'g/s'}}",POINT (7.64255063 51.95664763),40.5,1.1,301.1000061035156
52f3836be4b0d8e8c27ed72c,2014-02-01T14:20:29Z,"{'GPS VDOP': {'value': 0.8, 'unit': 'precision'}, 'Engine Load': {'value': 62.74509811401367, 'unit': '%'}, 'MAF': {'value': 23.270000457763672, 'unit': 'l/s'}, 'Speed': {'value': 44.0, 'unit': 'km/h'}, 'Rpm': {'value': 1330.0, 'unit': 'u/min'}, 'O2 Lambda Voltage ER': {'value': 0.996978759765625, 'unit': 'ratio'}, 'GPS Speed': {'value': 43.2, 'unit': 'km/h'}, 'Intake Pressure': {'value': 129.0, 'unit': 'kPa'}, 'GPS Altitude': {'value': 99.0, 'unit': 'm'}, 'Intake Temperature': {'value': 19.0, 'unit': 'c'}, 'GPS HDOP': {'value': 1.0, 'unit': 'precision'}, 'GPS Accuracy': {'value': 11.0, 'unit': '%'}, 'Throttle Position': {'value': 87.0, 'unit': '%'}, 'GPS PDOP': {'value': 1.3, 'unit': 'precision'}, 'GPS Bearing': {'value': 301.8999938964844, 'unit': 'deg'}, 'Calculated MAF': {'value': 28.909888709598654, 'unit': 'g/s'}, 'O2 Lambda Voltage': {'value': 0.0, 'unit': 'V'}}",POINT (7.64168599 51.95696622),43.2,1.0,301.8999938964844
52f3836be4b0d8e8c27ed72e,2014-02-01T14:20:35Z,"{'GPS VDOP': {'value': 0.8, 'unit': 'precision'}, 'MAF': {'value': 21.110000610351562, 'unit': 'l/s'}, 'GPS Bearing': {'value': 306.70001220703125, 'unit': 'deg'}, 'O2 Lambda Voltage ER': {'value': 0.996978759765625, 'unit': 'ratio'}, 'GPS Accuracy': {'value': 10.0, 'unit': '%'}, 'GPS Altitude': {'value': 99.0, 'unit': 'm'}, 'Intake Temperature': {'value': 19.0, 'unit': 'c'}, 'GPS HDOP': {'value': 1.0, 'unit': 'precision'}, 'Throttle Position': {'value': 87.0, 'unit': '%'}, 'GPS PDOP': {'value': 1.3, 'unit': 'precision'}, 'O2 Lambda Voltage': {'value': 0.0, 'unit': 'V'}, 'GPS Speed': {'value': 42.300000000000004, 'unit': 'km/h'}, 'Calculated MAF': {'value': 23.76653356026142, 'unit': 'g/s'}, 'Speed': {'value': 43.0, 'unit': 'km/h'}, 'Intake Pressure': {'value': 109.0, 'unit': 'kPa'}, 'Rpm': {'value': 1294.0, 'unit': 'u/min'}, 'Engine Load': {'value': 75.29412078857422, 'unit': '%'}}",POINT (7.64082237 51.95730847),42.300000000000004,1.0,306.70001220703125
52f3836be4b0d8e8c27ed730,2014-02-01T14:20:41Z,"{'MAF': {'value': 17.940000534057617, 'unit': 'l/s'}, 'Speed': {'value': 44.0, 'unit': 'km/h'}, 'GPS PDOP': {'value': 1.4, 'unit': 'precision'}, 'O2 Lambda Voltage ER': {'value': 0.996978759765625, 'unit': 'ratio'}, 'GPS Speed': {'value': 43.2, 'unit': 'km/h'}, 'GPS Accuracy': {'value': 10.0, 'unit': '%'}, 'GPS Altitude': {'value': 99.0, 'unit': 'm'}, 'Intake Temperature': {'value': 19.0, 'unit': 'c'}, 'Throttle Position': {'value': 87.0, 'unit': '%'}, 'Calculated MAF': {'value': 23.637966531728317, 'unit': 'g/s'}, 'O2 Lambda Voltage': {'value': 0.0, 'unit': 'V'}, 'GPS Bearing': {'value': 308.1000061035156, 'unit': 'deg'}, 'GPS HDOP': {'value': 1.1, 'unit': 'precision'}, 'GPS VDOP': {'value': 0.9, 'unit': 'precision'}, 'Intake Pressure': {'value': 109.0, 'unit': 'kPa'}, 'Rpm': {'value': 1287.0, 'unit': 'u/min'}, 'Engine Load': {'value': 30.19607925415039, 'unit': '%'}}",POINT (7.64000741 51.95772428),43.2,1.1,308.1000061035156
52f3836be4b0d8e8c27ed732,2014-02-01T14:20:46Z,"{'Engine Load': {'value': 51.3725471496582, 'unit': '%'}, 'Speed': {'value': 40.0, 'unit': 'km/h'}, 'Calculated MAF': {'value': 28.123608728309552, 'unit': 'g/s'}, 'Rpm': {'value': 1595.0, 'unit': 'u/min'}, 'GPS PDOP': {'value': 1.4, 'unit': 'precision'}, 'MAF': {'value': 20.6299991607666, 'unit': 'l/s'}, 'O2 Lambda Voltage ER': {'value': 0.996978759765625, 'unit': 'ratio'}, 'GPS Accuracy': {'value': 10.0, 'unit': '%'}, 'Intake Temperature': {'value': 20.0, 'unit': 'c'}, 'Throttle Position': {'value': 87.0, 'unit': '%'}, 'O2 Lambda Voltage': {'value': 0.0, 'unit': 'V'}, 'GPS Speed': {'value': 42.300000000000004, 'unit': 'km/h'}, 'GPS HDOP': {'value': 1.1, 'unit': 'precision'}, 'GPS VDOP': {'value': 0.9, 'unit': 'precision'}, 'GPS Bearing': {'value': 306.8999938964844, 'unit': 'deg'}, 'Intake Pressure': {'value': 105.0, 'unit': 'kPa'}, 'GPS Altitude': {'value': 97.0, 'unit': 'm'}}",POINT (7.63934762 51.95804734),42.300000000000004,1.1,306.8999938964844
52f3836be4b0d8e8c27ed734,2014-02-01T14:20:52Z,"{'Calculated MAF': {'value': 18.327575199926585, 'unit': 'g/s'}, 'Engine Load': {'value': 0.0, 'unit': '%'}, 'GPS Altitude': {'value': 96.0, 'unit': 'm'}, 'Rpm': {'value': 1070.0, 'unit': 'u/min'}, 'GPS Speed': {'value': 35.1, 'unit': 'km/h'}, 'O2 Lambda Voltage ER': {'value': 0.996978759765625, 'unit': 'ratio'}, 'Speed': {'value': 29.0, 'unit': 'km/h'}, 'Intake Temperature': {'value': 20.0, 'unit': 'c'}, 'Intake Pressure': {'value': 102.0, 'unit': 'kPa'}, 'GPS Accuracy': {'value': 11.0, 'unit': '%'}, 'Throttle Position': {'value': 87.0, 'unit': '%'}, 'MAF': {'value': 14.770000457763672, 'unit': 'l/s'}, 'GPS PDOP': {'value': 1.3, 'unit': 'precision'}, 'O2 Lambda Voltage': {'value': 0.0, 'unit': 'V'}, 'GPS VDOP': {'value': 0.9, 'unit': 'precision'}, 'GPS Bearing': {'value': 312.29998779296875, 'unit': 'deg'}, 'GPS HDOP': {'value': 0.9, 'unit': 'precision'}}",POINT (7.6386698 51.9583807),35.1,0.9,312.29998779296875
52f3836be4b0d8e8c27ed736,2014-02-01T14:20:58Z,"{'Intake Pressure': {'value': 100.0, 'unit': 'kPa'}, 'GPS Bearing': {'value': 306.79998779296875, 'unit': 'deg'}, 'Rpm': {'value': 783.0, 'unit': 'u/min'}, 'GPS PDOP': {'value': 1.4, 'unit': 'precision'}, 'Engine Load': {'value': 63.52941131591797, 'unit': '%'}, 'O2 Lambda Voltage ER': {'value': 0.996978759765625, 'unit': 'ratio'}, 'Intake Temperature': {'value': 21.0, 'unit': 'c'}, 'GPS Speed': {'value': 3.6, 'unit': 'km/h'}, 'GPS Altitude': {'value': 93.0, 'unit': 'm'}, 'GPS Accuracy': {'value': 11.0, 'unit': '%'}, 'Throttle Position': {'value': 87.0, 'unit': '%'}, 'MAF': {'value': 2.359999895095825, 'unit': 'l/s'}, 'O2 Lambda Voltage': {'value': 0.0, 'unit': 'V'}, 'GPS HDOP': {'value': 1.1, 'unit': 'precision'}, 'Speed': {'value': 5.0, 'unit': 'km/h'}, 'GPS VDOP': {'value': 0.9, 'unit': 'precision'}, 'Calculated MAF': {'value': 13.10399952110934, 'unit': 'g/s'}}",POINT (7.63849144 51.95851625),3.6,1.1,306.79998779296875
52f3836be4b0d8e8c27ed738,2014-02-01T14:21:04Z,"{'Speed': {'value': 0.0, 'unit': 'km/h'}, 'Engine Load': {'value': 44.70588302612305, 'unit': '%'}, 'Intake Pressure': {'value': 100.0, 'unit': 'kPa'}, 'MAF': {'value': 8.829999923706055, 'unit': 'l/s'}, 'GPS PDOP': {'value': 1.4, 'unit': 'precision'}, 'Rpm': {'value': 778.0, 'unit': 'u/min'}, 'O2 Lambda Voltage ER': {'value': 0.996978759765625, 'unit': 'ratio'}, 'Intake Temperature': {'value': 21.0, 'unit': 'c'}, 'Calculated MAF': {'value': 13.020321363247849, 'unit': 'g/s'}, 'GPS Speed': {'value': 0.0, 'unit': 'km/h'}, 'GPS Altitude': {'value': 93.0, 'unit': 'm'}, 'GPS Accuracy': {'value': 11.0, 'unit': '%'}, 'Throttle Position': {'value': 87.0, 'unit': '%'}, 'O2 Lambda Voltage': {'value': 0.0, 'unit': 'V'}, 'GPS HDOP': {'value': 1.1, 'unit': 'precision'}, 'GPS VDOP': {'value': 0.9, 'unit': 'precision'}}",POINT (7.63848697 51.95853183),0.0,1.1,
52f3836be4b0d8e8c27ed73a,2014-02-01T14:21:10Z,"{'Speed': {'value': 0.0, 'unit': 'km/h'}, 'Calculated MAF': {'value': 13.059601758882984, 'unit': 'g/s'}, 'Intake Pressure': {'value': 100.0, 'unit': 'kPa'}, 'Rpm': {'value': 783.0, 'unit': 'u/min'}, 'GPS Altitude': {'value': 94.0, 'unit': 'm'}, 'GPS Accuracy': {'value': 9.0, 'unit': '%'}, 'Intake Temperature': {'value': 22.0, 'unit': 'c'}, 'O2 Lambda Voltage ER': {'value': 0.996978759765625, 'unit': 'ratio'}, 'GPS Speed': {'value': 0.0, 'unit': 'km/h'}, 'Throttle Position': {'value': 87.0, 'unit': '%'}, 'O2 Lambda Voltage': {'value': 0.0, 'unit': 'V'}, 'GPS VDOP': {'value': 0.9, 'unit': 'precision'}, 'GPS PDOP': {'value': 1.2, 'unit': 'precision'}, 'GPS HDOP': {'value': 0.9, 'unit': 'precision'}, 'MAF': {'value': 8.90999984741211, 'unit': 'l/s'}, 'Engine Load': {'value': 47.45098114013672, 'unit': '%'}}",POINT (7.63848734 51.95853356),0.0,0.9,
52f3836be4b0d8e8c27ed73c,2014-02-01T14:21:16Z,"{'GPS Altitude': {'value': 95.0, 'unit': 'm'}, 'GPS Speed': {'value': 25.2, 'unit': 'km/h'}, 'Engine Load': {'value': 59.60784149169922, 'unit': '%'}, 'Intake Pressure': {'value': 194.0, 'unit': 'kPa'}, 'Speed': {'value': 26.0, 'unit': 'km/h'}, 'GPS Accuracy': {'value': 9.0, 'unit': '%'}, 'O2 Lambda Voltage ER': {'value': 0.996978759765625, 'unit': 'ratio'}, 'Intake Temperature': {'value': 18.0, 'unit': 'c'}, 'Rpm': {'value': 2041.0, 'unit': 'u/min'}, 'GPS PDOP': {'value': 1.3, 'unit': 'precision'}, 'O2 Lambda Voltage': {'value': 0.0, 'unit': 'V'}, 'Calculated MAF': {'value': 66.94819915958703, 'unit': 'g/s'}, 'GPS VDOP': {'value': 0.9, 'unit': 'precision'}, 'Throttle Position': {'value': 86.0, 'unit': '%'}, 'MAF': {'value': 67.23999786376953, 'unit': 'l/s'}, 'GPS HDOP': {'value': 0.9, 'unit': 'precision'}, 'GPS Bearing': {'value': 302.6000061035156, 'unit': 'deg'}}",POINT (7.63834594 51.95858004),25.2,0.9,302.6000061035156
52f3836be4b0d8e8c27ed73e,2014-02-01T14:21:22Z,"{'GPS PDOP': {'value': 1.1, 'unit': 'precision'}, 'GPS VDOP': {'value': 0.8, 'unit': 'precision'}, 'GPS Bearing': {'value': 303.79998779296875, 'unit': 'deg'}, 'Engine Load': {'value': 3.529411792755127, 'unit': '%'}, 'Intake Pressure': {'value': 103.0, 'unit': 'kPa'}, 'GPS HDOP': {'value': 0.8, 'unit': 'precision'}, 'O2 Lambda Voltage ER': {'value': 0.996978759765625, 'unit': 'ratio'}, 'Speed': {'value': 28.0, 'unit': 'km/h'}, 'GPS Accuracy': {'value': 10.0, 'unit': '%'}, 'GPS Altitude': {'value': 93.0, 'unit': 'm'}, 'Intake Temperature': {'value': 18.0, 'unit': 'c'}, 'Throttle Position': {'value': 87.0, 'unit': '%'}, 'O2 Lambda Voltage': {'value': 0.0, 'unit': 'V'}, 'Calculated MAF': {'value': 22.761819602940655, 'unit': 'g/s'}, 'Rpm': {'value': 1307.0, 'unit': 'u/min'}, 'MAF': {'value': 19.190000534057617, 'unit': 'l/s'}, 'GPS Speed': {'value': 28.8, 'unit': 'km/h'}}",POINT (7.637695 51.9588103),28.8,0.8,303.79998779296875
52f3836be4b0d8e8c27ed740,2014-02-01T14:21:28Z,"{'GPS Speed': {'value': 33.300000000000004, 'unit': 'km/h'}, 'GPS PDOP': {'value': 1.1, 'unit': 'precision'}, 'GPS VDOP': {'value': 0.8, 'unit': 'precision'}, 'Speed': {'value': 34.0, 'unit': 'km/h'}, 'Engine Load': {'value': 74.90196228027344, 'unit': '%'}, 'MAF': {'value': 28.65999984741211, 'unit': 'l/s'}, 'Calculated MAF': {'value': 28.866141908709935, 'unit': 'g/s'}, 'GPS Altitude': {'value': 94.0, 'unit': 'm'}, 'GPS HDOP': {'value': 0.8, 'unit': 'precision'}, 'O2 Lambda Voltage ER': {'value': 0.996978759765625, 'unit': 'ratio'}, 'Rpm': {'value': 1388.0, 'unit': 'u/min'}, 'GPS Accuracy': {'value': 10.0, 'unit': '%'}, 'Intake Temperature': {'value': 18.0, 'unit': 'c'}, 'Throttle Position': {'value': 87.0, 'unit': '%'}, 'O2 Lambda Voltage': {'value': 0.0, 'unit': 'V'}, 'Intake Pressure': {'value': 123.0, 'unit': 'kPa'}, 'GPS Bearing': {'value': 300.20001220703125, 'unit': 'deg'}}",POINT (7.63703777 51.95906319),33.300000000000004,0.8,300.20001220703125
52f3836be4b0d8e8c27ed742,2014-02-01T14:21:34Z,"{'MAF': {'value': 24.65999984741211, 'unit': 'l/s'}, 'Rpm': {'value': 1545.0, 'unit': 'u/min'}, 'Calculated MAF': {'value': 29.25773292497345, 'unit': 'g/s'}, 'Speed': {'value': 40.0, 'unit': 'km/h'}, 'GPS Bearing': {'value': 298.8999938964844, 'unit': 'deg'}, 'GPS Speed': {'value': 35.1, 'unit': 'km/h'}, 'GPS PDOP': {'value': 1.4, 'unit': 'precision'}, 'O2 Lambda Voltage ER': {'value': 0.996978759765625, 'unit': 'ratio'}, 'Intake Pressure': {'value': 112.0, 'unit': 'kPa'}, 'GPS Altitude': {'value': 93.0, 'unit': 'm'}, 'Intake Temperature': {'value': 18.0, 'unit': 'c'}, 'Throttle Position': {'value': 87.0, 'unit': '%'}, 'O2 Lambda Voltage': {'value': 0.0, 'unit': 'V'}, 'GPS HDOP': {'value': 1.1, 'unit': 'precision'}, 'GPS VDOP': {'value': 0.9, 'unit': 'precision'}, 'GPS Accuracy': {'value': 16.0, 'unit': '%'}, 'Engine Load': {'value': 32.94117736816406, 'unit': '%'}}",POINT (7.63629978 51.95931244),35.1,1.1,298.8999938964844
52f3836be4b0d8e8c27ed744,2014-02-01T14:21:40Z,"{'GPS Speed': {'value': 36.9, 'unit': 'km/h'}, 'GPS Bearing': {'value': 304.29998779296875, 'unit': 'deg'}, 'GPS PDOP': {'value': 1.4, 'unit': 'precision'}, 'O2 Lambda Voltage ER': {'value': 0.996978759765625, 'unit': 'ratio'}, 'Speed': {'value': 30.0, 'unit': 'km/h'}, 'GPS Altitude': {'value': 93.0, 'unit': 'm'}, 'Intake Temperature': {'value': 18.0, 'unit': 'c'}, 'Throttle Position': {'value': 87.0, 'unit': '%'}, 'Rpm': {'value': 1183.0, 'unit': 'u/min'}, 'GPS Accuracy': {'value': 12.0, 'unit': '%'}, 'O2 Lambda Voltage': {'value': 0.0, 'unit': 'V'}, 'GPS HDOP': {'value': 1.1, 'unit': 'precision'}, 'Calculated MAF': {'value': 22.002477956118792, 'unit': 'g/s'}, 'GPS VDOP': {'value': 0.9, 'unit': 'precision'}, 'Engine Load': {'value': 70.5882339477539, 'unit': '%'}, 'Intake Pressure': {'value': 110.0, 'unit': 'kPa'}, 'MAF': {'value': 19.829999923706055, 'unit': 'l/s'}}",POINT (7.63551113 51.95957981),36.9,1.1,304.29998779296875
52f3836be4b0d8e8c27ed746,2014-02-01T14:21:46Z,"{'GPS PDOP': {'value': 1.1, 'unit': 'precision'}, 'GPS VDOP': {'value': 0.8, 'unit': 'precision'}, 'MAF': {'value': 22.65999984741211, 'unit': 'l/s'}, 'GPS HDOP': {'value': 0.8, 'unit': 'precision'}, 'O2 Lambda Voltage ER': {'value': 0.996978759765625, 'unit': 'ratio'}, 'Speed': {'value': 30.0, 'unit': 'km/h'}, 'Intake Temperature': {'value': 18.0, 'unit': 'c'}, 'GPS Accuracy': {'value': 11.0, 'unit': '%'}, 'Throttle Position': {'value': 87.0, 'unit': '%'}, 'O2 Lambda Voltage': {'value': 0.0, 'unit': 'V'}, 'Calculated MAF': {'value': 24.03313775979962, 'unit': 'g/s'}, 'Intake Pressure': {'value': 115.0, 'unit': 'kPa'}, 'GPS Altitude': {'value': 98.0, 'unit': 'm'}, 'Rpm': {'value': 1236.0, 'unit': 'u/min'}, 'Engine Load': {'value': 67.8431396484375, 'unit': '%'}, 'GPS Bearing': {'value': 291.3999938964844, 'unit': 'deg'}, 'GPS Speed': {'value': 28.8, 'unit': 'km/h'}}",POINT (7.63485813 51.95979439),28.8,0.8,291.3999938964844
52f3836be4b0d8e8c27ed748,2014-02-01T14:21:52Z,"{'GPS PDOP': {'value': 1.1, 'unit': 'precision'}, 'GPS VDOP': {'value': 0.8, 'unit': 'precision'}, 'Calculated MAF': {'value': 21.14439315148263, 'unit': 'g/s'}, 'GPS HDOP': {'value': 0.8, 'unit': 'precision'}, 'O2 Lambda Voltage ER': {'value': 0.996978759765625, 'unit': 'ratio'}, 'Rpm': {'value': 1191.0, 'unit': 'u/min'}, 'Engine Load': {'value': 65.88235473632812, 'unit': '%'}, 'Speed': {'value': 30.0, 'unit': 'km/h'}, 'Intake Temperature': {'value': 18.0, 'unit': 'c'}, 'GPS Accuracy': {'value': 11.0, 'unit': '%'}, 'Throttle Position': {'value': 87.0, 'unit': '%'}, 'O2 Lambda Voltage': {'value': 0.0, 'unit': 'V'}, 'MAF': {'value': 13.739999771118164, 'unit': 'l/s'}, 'GPS Altitude': {'value': 102.0, 'unit': 'm'}, 'GPS Speed': {'value': 30.6, 'unit': 'km/h'}, 'Intake Pressure': {'value': 105.0, 'unit': 'kPa'}, 'GPS Bearing': {'value': 241.89999389648438, 'unit': 'deg'}}",POINT (7.63414444 51.9597393),30.6,0.8,241.89999389648438
52f3836be4b0d8e8c27ed74a,2014-02-01T14:21:58Z,"{'Engine Load': {'value': 0.0, 'unit': '%'}, 'GPS PDOP': {'value': 1.1, 'unit': 'precision'}, 'GPS VDOP': {'value': 0.8, 'unit': 'precision'}, 'Rpm': {'value': 1277.0, 'unit': 'u/min'}, 'GPS Altitude': {'value': 104.0, 'unit': 'm'}, 'GPS HDOP': {'value': 0.8, 'unit': 'precision'}, 'O2 Lambda Voltage ER': {'value': 0.996978759765625, 'unit': 'ratio'}, 'GPS Accuracy': {'value': 10.0, 'unit': '%'}, 'Intake Temperature': {'value': 18.0, 'unit': 'c'}, 'Throttle Position': {'value': 87.0, 'unit': '%'}, 'Speed': {'value': 33.0, 'unit': 'km/h'}, 'O2 Lambda Voltage': {'value': 0.0, 'unit': 'V'}, 'GPS Bearing': {'value': 220.89999389648438, 'unit': 'deg'}, 'Calculated MAF': {'value': 22.671192321111103, 'unit': 'g/s'}, 'Intake Pressure': {'value': 105.0, 'unit': 'kPa'}, 'GPS Speed': {'value': 32.4, 'unit': 'km/h'}, 'MAF': {'value': 18.299999237060547, 'unit': 'l/s'}}",POINT (7.63361082 51.95938774),32.4,0.8,220.89999389648438
52f3836be4b0d8e8c27ed74c,2014-02-01T14:22:04Z,"{'GPS Bearing': {'value': 219.0, 'unit': 'deg'}, 'GPS PDOP': {'value': 1.1, 'unit': 'precision'}, 'GPS VDOP': {'value': 0.8, 'unit': 'precision'}, 'MAF': {'value': 60.970001220703125, 'unit': 'l/s'}, 'GPS HDOP': {'value': 0.8, 'unit': 'precision'}, 'O2 Lambda Voltage ER': {'value': 0.996978759765625, 'unit': 'ratio'}, 'GPS Altitude': {'value': 103.0, 'unit': 'm'}, 'Rpm': {'value': 1650.0, 'unit': 'u/min'}, 'Intake Temperature': {'value': 18.0, 'unit': 'c'}, 'GPS Accuracy': {'value': 11.0, 'unit': '%'}, 'Throttle Position': {'value': 87.0, 'unit': '%'}, 'O2 Lambda Voltage': {'value': 0.0, 'unit': 'V'}, 'Speed': {'value': 21.0, 'unit': 'km/h'}, 'Engine Load': {'value': 50.588233947753906, 'unit': '%'}, 'GPS Speed': {'value': 21.6, 'unit': 'km/h'}, 'Calculated MAF': {'value': 37.10477051771512, 'unit': 'g/s'}, 'Intake Pressure': {'value': 133.0, 'unit': 'kPa'}}",POINT (7.63320386 51.95907983),21.6,0.8,219.0
52f3836be4b0d8e8c27ed74e,2014-02-01T14:22:10Z,"{'MAF': {'value': 97.73999786376953, 'unit': 'l/s'}, 'Engine Load': {'value': 56.07843017578125, 'unit': '%'}, 'GPS PDOP': {'value': 1.1, 'unit': 'precision'}, 'GPS VDOP': {'value': 0.8, 'unit': 'precision'}, 'GPS Altitude': {'value': 104.0, 'unit': 'm'}, 'Speed': {'value': 45.0, 'unit': 'km/h'}, 'GPS Bearing': {'value': 218.3000030517578, 'unit': 'deg'}, 'GPS HDOP': {'value': 0.8, 'unit': 'precision'}, 'O2 Lambda Voltage ER': {'value': 0.996978759765625, 'unit': 'ratio'}, 'GPS Accuracy': {'value': 10.0, 'unit': '%'}, 'Intake Pressure': {'value': 228.0, 'unit': 'kPa'}, 'Intake Temperature': {'value': 16.0, 'unit': 'c'}, 'O2 Lambda Voltage': {'value': 0.0, 'unit': 'V'}, 'Rpm': {'value': 1838.0, 'unit': 'u/min'}, 'Throttle Position': {'value': 44.0, 'unit': '%'}, 'GPS Speed': {'value': 44.1, 'unit': 'km/h'}, 'Calculated MAF': {'value': 71.34575146516164, 'unit': 'g/s'}}",POINT (7.63273196 51.95864863),44.1,0.8,218.3000030517578
52f3836be4b0d8e8c27ed750,2014-02-01T14:22:16Z,"{'Intake Pressure': {'value': 104.0, 'unit': 'kPa'}, 'Engine Load': {'value': 0.0, 'unit': '%'}, 'GPS PDOP': {'value': 1.1, 'unit': 'precision'}, 'GPS VDOP': {'value': 0.8, 'unit': 'precision'}, 'Calculated MAF': {'value': 22.038608091059196, 'unit': 'g/s'}, 'GPS HDOP': {'value': 0.8, 'unit': 'precision'}, 'O2 Lambda Voltage ER': {'value': 0.996978759765625, 'unit': 'ratio'}, 'GPS Accuracy': {'value': 11.0, 'unit': '%'}, 'Rpm': {'value': 1249.0, 'unit': 'u/min'}, 'Throttle Position': {'value': 87.0, 'unit': '%'}, 'GPS Bearing': {'value': 213.6999969482422, 'unit': 'deg'}, 'Intake Temperature': {'value': 17.0, 'unit': 'c'}, 'O2 Lambda Voltage': {'value': 0.0, 'unit': 'V'}, 'GPS Altitude': {'value': 110.0, 'unit': 'm'}, 'Speed': {'value': 43.0, 'unit': 'km/h'}, 'MAF': {'value': 13.239999771118164, 'unit': 'l/s'}, 'GPS Speed': {'value': 48.6, 'unit': 'km/h'}}",POINT (7.63206183 51.9580813),48.6,0.8,213.6999969482422
52f3836be4b0d8e8c27ed752,2014-02-01T14:22:22Z,"{'GPS VDOP': {'value': 0.8, 'unit': 'precision'}, 'Speed': {'value': 9.0, 'unit': 'km/h'}, 'GPS Altitude': {'value': 112.0, 'unit': 'm'}, 'GPS Bearing': {'value': 211.3000030517578, 'unit': 'deg'}, 'Calculated MAF': {'value': 12.978638345590396, 'unit': 'g/s'}, 'O2 Lambda Voltage ER': {'value': 0.996978759765625, 'unit': 'ratio'}, 'GPS Speed': {'value': 10.8, 'unit': 'km/h'}, 'Engine Load': {'value': 54.117645263671875, 'unit': '%'}, 'Intake Temperature': {'value': 18.0, 'unit': 'c'}, 'GPS Accuracy': {'value': 11.0, 'unit': '%'}, 'Throttle Position': {'value': 87.0, 'unit': '%'}, 'O2 Lambda Voltage': {'value': 0.0, 'unit': 'V'}, 'Intake Pressure': {'value': 101.0, 'unit': 'kPa'}, 'GPS PDOP': {'value': 1.2, 'unit': 'precision'}, 'MAF': {'value': 9.739999771118164, 'unit': 'l/s'}, 'GPS HDOP': {'value': 0.9, 'unit': 'precision'}, 'Rpm': {'value': 760.0, 'unit': 'u/min'}}",POINT (7.6317098 51.9578055),10.8,0.9,211.3000030517578
52f3836be4b0d8e8c27ed754,2014-02-01T14:22:28Z,"{'GPS PDOP': {'value': 1.1, 'unit': 'precision'}, 'Speed': {'value': 0.0, 'unit': 'km/h'}, 'GPS VDOP': {'value': 0.8, 'unit': 'precision'}, 'Engine Load': {'value': 57.25490188598633, 'unit': '%'}, 'MAF': {'value': 10.489999771118164, 'unit': 'l/s'}, 'GPS Altitude': {'value': 115.0, 'unit': 'm'}, 'GPS HDOP': {'value': 0.8, 'unit': 'precision'}, 'O2 Lambda Voltage ER': {'value': 0.996978759765625, 'unit': 'ratio'}, 'Rpm': {'value': 776.0, 'unit': 'u/min'}, 'GPS Speed': {'value': 0.0, 'unit': 'km/h'}, 'Intake Temperature': {'value': 19.0, 'unit': 'c'}, 'GPS Accuracy': {'value': 11.0, 'unit': '%'}, 'Throttle Position': {'value': 87.0, 'unit': '%'}, 'Calculated MAF': {'value': 13.206513012202038, 'unit': 'g/s'}, 'O2 Lambda Voltage': {'value': 0.0, 'unit': 'V'}, 'GPS Bearing': {'value': 176.89999389648438, 'unit': 'deg'}, 'Intake Pressure': {'value': 101.0, 'unit': 'kPa'}}",POINT (7.63174632 51.95775412),0.0,0.8,176.89999389648438
52f3836be4b0d8e8c27ed756,2014-02-01T14:22:34Z,"{'GPS PDOP': {'value': 1.1, 'unit': 'precision'}, 'GPS VDOP': {'value': 0.8, 'unit': 'precision'}, 'GPS Altitude': {'value': 116.0, 'unit': 'm'}, 'MAF': {'value': 16.079999923706055, 'unit': 'l/s'}, 'GPS HDOP': {'value': 0.8, 'unit': 'precision'}, 'Rpm': {'value': 1126.0, 'unit': 'u/min'}, 'O2 Lambda Voltage ER': {'value': 0.996978759765625, 'unit': 'ratio'}, 'Speed': {'value': 7.0, 'unit': 'km/h'}, 'GPS Speed': {'value': 0.0, 'unit': 'km/h'}, 'Intake Temperature': {'value': 19.0, 'unit': 'c'}, 'Intake Pressure': {'value': 102.0, 'unit': 'kPa'}, 'GPS Accuracy': {'value': 11.0, 'unit': '%'}, 'Throttle Position': {'value': 87.0, 'unit': '%'}, 'Engine Load': {'value': 72.94117736816406, 'unit': '%'}, 'O2 Lambda Voltage': {'value': 0.0, 'unit': 'V'}, 'Calculated MAF': {'value': 19.35279208529944, 'unit': 'g/s'}}",POINT (7.63174427 51.95775601),0.0,0.8,
52f3836be4b0d8e8c27ed758,2014-02-01T14:22:40Z,"{'Calculated MAF': {'value': 22.716336881276195, 'unit': 'g/s'}, 'GPS PDOP': {'value': 1.1, 'unit': 'precision'}, 'Intake Pressure': {'value': 108.0, 'unit': 'kPa'}, 'GPS VDOP': {'value': 0.8, 'unit': 'precision'}, 'GPS Bearing': {'value': 208.39999389648438, 'unit': 'deg'}, 'GPS HDOP': {'value': 0.8, 'unit': 'precision'}, 'O2 Lambda Voltage ER': {'value': 0.996978759765625, 'unit': 'ratio'}, 'Intake Temperature': {'value': 18.0, 'unit': 'c'}, 'Throttle Position': {'value': 87.0, 'unit': '%'}, 'Speed': {'value': 16.0, 'unit': 'km/h'}, 'GPS Accuracy': {'value': 12.0, 'unit': '%'}, 'O2 Lambda Voltage': {'value': 0.0, 'unit': 'V'}, 'GPS Altitude': {'value': 110.0, 'unit': 'm'}, 'Rpm': {'value': 1244.0, 'unit': 'u/min'}, 'MAF': {'value': 14.470000267028809, 'unit': 'l/s'}, 'GPS Speed': {'value': 21.6, 'unit': 'km/h'}, 'Engine Load': {'value': 75.29412078857422, 'unit': '%'}}",POINT (7.63159061 51.95749255),21.6,0.8,208.39999389648438
52f3836be4b0d8e8c27ed75a,2014-02-01T14:22:46Z,"{'GPS PDOP': {'value': 1.1, 'unit': 'precision'}, 'GPS VDOP': {'value': 0.8, 'unit': 'precision'}, 'GPS Altitude': {'value': 108.0, 'unit': 'm'}, 'Rpm': {'value': 1211.0, 'unit': 'u/min'}, 'GPS HDOP': {'value': 0.8, 'unit': 'precision'}, 'O2 Lambda Voltage ER': {'value': 0.996978759765625, 'unit': 'ratio'}, 'GPS Accuracy': {'value': 10.0, 'unit': '%'}, 'Engine Load': {'value': 16.47058868408203, 'unit': '%'}, 'Intake Temperature': {'value': 18.0, 'unit': 'c'}, 'Throttle Position': {'value': 87.0, 'unit': '%'}, 'Speed': {'value': 17.0, 'unit': 'km/h'}, 'MAF': {'value': 9.9399995803833, 'unit': 'l/s'}, 'O2 Lambda Voltage': {'value': 0.0, 'unit': 'V'}, 'GPS Bearing': {'value': 309.0, 'unit': 'deg'}, 'Calculated MAF': {'value': 21.499462725814837, 'unit': 'g/s'}, 'Intake Pressure': {'value': 105.0, 'unit': 'kPa'}, 'GPS Speed': {'value': 18.0, 'unit': 'km/h'}}",POINT (7.63107547 51.95767183),18.0,0.8,309.0
52f3836be4b0d8e8c27ed75c,2014-02-01T14:22:52Z,"{'GPS VDOP': {'value': 0.8, 'unit': 'precision'}, 'Intake Pressure': {'value': 100.0, 'unit': 'kPa'}, 'Rpm': {'value': 786.0, 'unit': 'u/min'}, 'Calculated MAF': {'value': 13.244257460945699, 'unit': 'g/s'}, 'O2 Lambda Voltage ER': {'value': 0.996978759765625, 'unit': 'ratio'}, 'GPS Speed': {'value': 0.0, 'unit': 'km/h'}, 'Intake Temperature': {'value': 19.0, 'unit': 'c'}, 'GPS Accuracy': {'value': 11.0, 'unit': '%'}, 'Throttle Position': {'value': 87.0, 'unit': '%'}, 'Speed': {'value': 4.0, 'unit': 'km/h'}, 'O2 Lambda Voltage': {'value': 0.0, 'unit': 'V'}, 'MAF': {'value': 10.859999656677246, 'unit': 'l/s'}, 'GPS Bearing': {'value': 325.0, 'unit': 'deg'}, 'GPS Altitude': {'value': 106.0, 'unit': 'm'}, 'GPS PDOP': {'value': 1.2, 'unit': 'precision'}, 'Engine Load': {'value': 61.960784912109375, 'unit': '%'}, 'GPS HDOP': {'value': 0.9, 'unit': 'precision'}}",POINT (7.63086481 51.95777333),0.0,0.9,325.0
52f3836be4b0d8e8c27ed75e,2014-02-01T14:22:58Z,"{'GPS PDOP': {'value': 1.1, 'unit': 'precision'}, 'GPS VDOP': {'value': 0.8, 'unit': 'precision'}, 'GPS Altitude': {'value': 104.0, 'unit': 'm'}, 'Rpm': {'value': 1536.0, 'unit': 'u/min'}, 'Calculated MAF': {'value': 31.058289251927622, 'unit': 'g/s'}, 'GPS HDOP': {'value': 0.8, 'unit': 'precision'}, 'Intake Pressure': {'value': 120.0, 'unit': 'kPa'}, 'O2 Lambda Voltage ER': {'value': 0.996978759765625, 'unit': 'ratio'}, 'Speed': {'value': 7.0, 'unit': 'km/h'}, 'GPS Accuracy': {'value': 10.0, 'unit': '%'}, 'GPS Speed': {'value': 0.0, 'unit': 'km/h'}, 'Intake Temperature': {'value': 19.0, 'unit': 'c'}, 'MAF': {'value': 36.29999923706055, 'unit': 'l/s'}, 'O2 Lambda Voltage': {'value': 0.0, 'unit': 'V'}, 'Throttle Position': {'value': 86.0, 'unit': '%'}, 'Engine Load': {'value': 70.19607543945312, 'unit': '%'}}",POINT (7.6308417 51.95778287),0.0,0.8,
52f3836be4b0d8e8c27ed760,2014-02-01T14:23:04Z,"{'GPS PDOP': {'value': 1.1, 'unit': 'precision'}, 'GPS VDOP': {'value': 0.8, 'unit': 'precision'}, 'GPS Bearing': {'value': 309.8999938964844, 'unit': 'deg'}, 'GPS Altitude': {'value': 104.0, 'unit': 'm'}, 'GPS HDOP': {'value': 0.8, 'unit': 'precision'}, 'O2 Lambda Voltage ER': {'value': 0.996978759765625, 'unit': 'ratio'}, 'GPS Accuracy': {'value': 10.0, 'unit': '%'}, 'Intake Temperature': {'value': 18.0, 'unit': 'c'}, 'Throttle Position': {'value': 87.0, 'unit': '%'}, 'O2 Lambda Voltage': {'value': 0.0, 'unit': 'V'}, 'Speed': {'value': 21.0, 'unit': 'km/h'}, 'Rpm': {'value': 1504.0, 'unit': 'u/min'}, 'GPS Speed': {'value': 20.7, 'unit': 'km/h'}, 'Calculated MAF': {'value': 27.972719227390247, 'unit': 'g/s'}, 'Intake Pressure': {'value': 110.0, 'unit': 'kPa'}, 'Engine Load': {'value': 27.058822631835938, 'unit': '%'}, 'MAF': {'value': 19.829999923706055, 'unit': 'l/s'}}",POINT (7.63048242 51.95795895),20.7,0.8,309.8999938964844
52f3836be4b0d8e8c27ed762,2014-02-01T14:23:10Z,"{'MAF': {'value': 13.550000190734863, 'unit': 'l/s'}, 'Rpm': {'value': 1471.0, 'unit': 'u/min'}, 'Engine Load': {'value': 15.29411792755127, 'unit': '%'}, 'O2 Lambda Voltage ER': {'value': 0.996978759765625, 'unit': 'ratio'}, 'GPS Altitude': {'value': 107.0, 'unit': 'm'}, 'GPS Accuracy': {'value': 10.0, 'unit': '%'}, 'Intake Temperature': {'value': 18.0, 'unit': 'c'}, 'Throttle Position': {'value': 87.0, 'unit': '%'}, 'O2 Lambda Voltage': {'value': 0.0, 'unit': 'V'}, 'Speed': {'value': 20.0, 'unit': 'km/h'}, 'GPS Speed': {'value': 20.7, 'unit': 'km/h'}, 'GPS VDOP': {'value': 0.9, 'unit': 'precision'}, 'Intake Pressure': {'value': 105.0, 'unit': 'kPa'}, 'Calculated MAF': {'value': 26.11536719213347, 'unit': 'g/s'}, 'GPS PDOP': {'value': 1.2, 'unit': 'precision'}, 'GPS HDOP': {'value': 0.9, 'unit': 'precision'}, 'GPS Bearing': {'value': 311.79998779296875, 'unit': 'deg'}}",POINT (7.63008301 51.95816918),20.7,0.9,311.79998779296875
52f3836be4b0d8e8c27ed764,2014-02-01T14:23:16Z,"{'Engine Load': {'value': 56.07843017578125, 'unit': '%'}, 'GPS PDOP': {'value': 1.1, 'unit': 'precision'}, 'Rpm': {'value': 1812.0, 'unit': 'u/min'}, 'GPS VDOP': {'value': 0.8, 'unit': 'precision'}, 'Intake Pressure': {'value': 130.0, 'unit': 'kPa'}, 'Speed': {'value': 23.0, 'unit': 'km/h'}, 'GPS HDOP': {'value': 0.8, 'unit': 'precision'}, 'GPS Bearing': {'value': 317.3999938964844, 'unit': 'deg'}, 'GPS Altitude': {'value': 111.0, 'unit': 'm'}, 'O2 Lambda Voltage ER': {'value': 0.996978759765625, 'unit': 'ratio'}, 'MAF': {'value': 50.29999923706055, 'unit': 'l/s'}, 'Throttle Position': {'value': 87.0, 'unit': '%'}, 'Intake Temperature': {'value': 17.0, 'unit': 'c'}, 'O2 Lambda Voltage': {'value': 0.0, 'unit': 'V'}, 'GPS Accuracy': {'value': 13.0, 'unit': '%'}, 'GPS Speed': {'value': 20.7, 'unit': 'km/h'}, 'Calculated MAF': {'value': 39.96593060548365, 'unit': 'g/s'}}",POINT (7.6297217 51.95836332),20.7,0.8,317.3999938964844
52f3836be4b0d8e8c27ed766,2014-02-01T14:23:22Z,"{'GPS VDOP': {'value': 0.8, 'unit': 'precision'}, 'GPS Altitude': {'value': 112.0, 'unit': 'm'}, 'Engine Load': {'value': 40.0, 'unit': '%'}, 'Intake Pressure': {'value': 103.0, 'unit': 'kPa'}, 'Speed': {'value': 24.0, 'unit': 'km/h'}, 'GPS Speed': {'value': 24.3, 'unit': 'km/h'}, 'Calculated MAF': {'value': 20.865554753453857, 'unit': 'g/s'}, 'Rpm': {'value': 1194.0, 'unit': 'u/min'}, 'O2 Lambda Voltage ER': {'value': 0.996978759765625, 'unit': 'ratio'}, 'GPS HDOP': {'value': 1.0, 'unit': 'precision'}, 'GPS Accuracy': {'value': 11.0, 'unit': '%'}, 'Throttle Position': {'value': 87.0, 'unit': '%'}, 'Intake Temperature': {'value': 17.0, 'unit': 'c'}, 'GPS PDOP': {'value': 1.3, 'unit': 'precision'}, 'O2 Lambda Voltage': {'value': 0.0, 'unit': 'V'}, 'MAF': {'value': 17.219999313354492, 'unit': 'l/s'}, 'GPS Bearing': {'value': 332.70001220703125, 'unit': 'deg'}}",POINT (7.62945759 51.95874635),24.3,1.0,332.70001220703125
52f3836be4b0d8e8c27ed768,2014-02-01T14:23:28Z,"{'MAF': {'value': 15.020000457763672, 'unit': 'l/s'}, 'GPS Altitude': {'value': 112.0, 'unit': 'm'}, 'Engine Load': {'value': 49.80392074584961, 'unit': '%'}, 'Speed': {'value': 23.0, 'unit': 'km/h'}, 'Calculated MAF': {'value': 31.878484545044465, 'unit': 'g/s'}, 'O2 Lambda Voltage ER': {'value': 0.996978759765625, 'unit': 'ratio'}, 'Intake Temperature': {'value': 18.0, 'unit': 'c'}, 'Rpm': {'value': 1714.0, 'unit': 'u/min'}, 'Throttle Position': {'value': 87.0, 'unit': '%'}, 'GPS Bearing': {'value': 336.3999938964844, 'unit': 'deg'}, 'O2 Lambda Voltage': {'value': 0.0, 'unit': 'V'}, 'GPS PDOP': {'value': 1.5, 'unit': 'precision'}, 'GPS Accuracy': {'value': 13.0, 'unit': '%'}, 'GPS VDOP': {'value': 0.9, 'unit': 'precision'}, 'GPS Speed': {'value': 23.400000000000002, 'unit': 'km/h'}, 'Intake Pressure': {'value': 110.0, 'unit': 'kPa'}, 'GPS HDOP': {'value': 1.2, 'unit': 'precision'}}",POINT (7.62918783 51.9591103),23.400000000000002,1.2,336.3999938964844
52f3836be4b0d8e8c27ed76a,2014-02-01T14:23:34Z,"{'Engine Load': {'value': 68.62744903564453, 'unit': '%'}, 'Rpm': {'value': 1469.0, 'unit': 'u/min'}, 'Intake Pressure': {'value': 107.0, 'unit': 'kPa'}, 'GPS Speed': {'value': 18.900000000000002, 'unit': 'km/h'}, 'GPS Altitude': {'value': 111.0, 'unit': 'm'}, 'O2 Lambda Voltage ER': {'value': 0.996978759765625, 'unit': 'ratio'}, 'GPS Accuracy': {'value': 11.0, 'unit': '%'}, 'Throttle Position': {'value': 87.0, 'unit': '%'}, 'Calculated MAF': {'value': 26.66821561539199, 'unit': 'g/s'}, 'Intake Temperature': {'value': 17.0, 'unit': 'c'}, 'O2 Lambda Voltage': {'value': 0.0, 'unit': 'V'}, 'GPS PDOP': {'value': 1.5, 'unit': 'precision'}, 'Speed': {'value': 19.0, 'unit': 'km/h'}, 'GPS VDOP': {'value': 0.9, 'unit': 'precision'}, 'GPS Bearing': {'value': 51.20000076293945, 'unit': 'deg'}, 'MAF': {'value': 22.190000534057617, 'unit': 'l/s'}, 'GPS HDOP': {'value': 1.2, 'unit': 'precision'}}",POINT (7.62939255 51.95934924),18.900000000000002,1.2,51.20000076293945
52f3836be4b0d8e8c27ed76c,2014-02-01T14:23:40Z,"{'GPS VDOP': {'value': 0.8, 'unit': 'precision'}, 'GPS Altitude': {'value': 112.0, 'unit': 'm'}, 'MAF': {'value': 18.719999313354492, 'unit': 'l/s'}, 'Intake Pressure': {'value': 117.0, 'unit': 'kPa'}, 'Engine Load': {'value': 3.529411792755127, 'unit': '%'}, 'Speed': {'value': 26.0, 'unit': 'km/h'}, 'O2 Lambda Voltage ER': {'value': 0.996978759765625, 'unit': 'ratio'}, 'GPS HDOP': {'value': 1.0, 'unit': 'precision'}, 'Throttle Position': {'value': 87.0, 'unit': '%'}, 'Intake Temperature': {'value': 17.0, 'unit': 'c'}, 'GPS PDOP': {'value': 1.3, 'unit': 'precision'}, 'O2 Lambda Voltage': {'value': 0.0, 'unit': 'V'}, 'GPS Bearing': {'value': 56.400001525878906, 'unit': 'deg'}, 'GPS Accuracy': {'value': 14.0, 'unit': '%'}, 'Calculated MAF': {'value': 23.106130740786238, 'unit': 'g/s'}, 'Rpm': {'value': 1164.0, 'unit': 'u/min'}, 'GPS Speed': {'value': 23.400000000000002, 'unit': 'km/h'}}",POINT (7.62981659 51.95952007),23.400000000000002,1.0,56.400001525878906
52f3836be4b0d8e8c27ed76e,2014-02-01T14:23:46Z,"{'Speed': {'value': 8.0, 'unit': 'km/h'}, 'GPS VDOP': {'value': 0.8, 'unit': 'precision'}, 'GPS Speed': {'value': 25.2, 'unit': 'km/h'}, 'Rpm': {'value': 782.0, 'unit': 'u/min'}, 'MAF': {'value': 15.40999984741211, 'unit': 'l/s'}, 'Engine Load': {'value': 63.52941131591797, 'unit': '%'}, 'O2 Lambda Voltage ER': {'value': 0.996978759765625, 'unit': 'ratio'}, 'Intake Temperature': {'value': 18.0, 'unit': 'c'}, 'GPS Bearing': {'value': 45.5, 'unit': 'deg'}, 'Throttle Position': {'value': 87.0, 'unit': '%'}, 'O2 Lambda Voltage': {'value': 0.0, 'unit': 'V'}, 'Calculated MAF': {'value': 13.354335771383802, 'unit': 'g/s'}, 'GPS Accuracy': {'value': 14.0, 'unit': '%'}, 'GPS Altitude': {'value': 113.0, 'unit': 'm'}, 'Intake Pressure': {'value': 101.0, 'unit': 'kPa'}, 'GPS PDOP': {'value': 1.2, 'unit': 'precision'}, 'GPS HDOP': {'value': 0.9, 'unit': 'precision'}}",POINT (7.63021734 51.9597348),25.2,0.9,45.5
52f3836be4b0d8e8c27ed770,2014-02-01T14:23:52Z,"{'Speed': {'value': 0.0, 'unit': 'km/h'}, 'GPS VDOP': {'value': 0.8, 'unit': 'precision'}, 'Engine Load': {'value': 62.74509811401367, 'unit': '%'}, 'MAF': {'value': 10.550000190734863, 'unit': 'l/s'}, 'GPS Altitude': {'value': 111.0, 'unit': 'm'}, 'O2 Lambda Voltage ER': {'value': 0.996978759765625, 'unit': 'ratio'}, 'GPS Speed': {'value': 0.0, 'unit': 'km/h'}, 'Intake Temperature': {'value': 19.0, 'unit': 'c'}, 'GPS HDOP': {'value': 1.0, 'unit': 'precision'}, 'Intake Pressure': {'value': 102.0, 'unit': 'kPa'}, 'GPS Accuracy': {'value': 11.0, 'unit': '%'}, 'Throttle Position': {'value': 87.0, 'unit': '%'}, 'GPS PDOP': {'value': 1.3, 'unit': 'precision'}, 'Rpm': {'value': 772.0, 'unit': 'u/min'}, 'O2 Lambda Voltage': {'value': 0.0, 'unit': 'V'}, 'Calculated MAF': {'value': 13.268521749423774, 'unit': 'g/s'}, 'GPS Bearing': {'value': 63.70000076293945, 'unit': 'deg'}}",POINT (7.63018654 51.9597964),0.0,1.0,63.70000076293945
52f3836be4b0d8e8c27ed772,2014-02-01T14:23:58Z,"{'Speed': {'value': 0.0, 'unit': 'km/h'}, 'GPS VDOP': {'value': 0.8, 'unit': 'precision'}, 'GPS Altitude': {'value': 112.0, 'unit': 'm'}, 'Engine Load': {'value': 52.94117736816406, 'unit': '%'}, 'Rpm': {'value': 783.0, 'unit': 'u/min'}, 'Calculated MAF': {'value': 13.325643928549221, 'unit': 'g/s'}, 'O2 Lambda Voltage ER': {'value': 0.996978759765625, 'unit': 'ratio'}, 'GPS Accuracy': {'value': 10.0, 'unit': '%'}, 'GPS Speed': {'value': 0.0, 'unit': 'km/h'}, 'Intake Temperature': {'value': 19.0, 'unit': 'c'}, 'GPS HDOP': {'value': 1.0, 'unit': 'precision'}, 'Throttle Position': {'value': 87.0, 'unit': '%'}, 'GPS PDOP': {'value': 1.3, 'unit': 'precision'}, 'O2 Lambda Voltage': {'value': 0.0, 'unit': 'V'}, 'Intake Pressure': {'value': 101.0, 'unit': 'kPa'}, 'MAF': {'value': 13.109999656677246, 'unit': 'l/s'}}",POINT (7.63016956 51.95978349),0.0,1.0,
52f3836be4b0d8e8c27ed774,2014-02-01T14:24:04Z,"{'Speed': {'value': 0.0, 'unit': 'km/h'}, 'Calculated MAF': {'value': 13.257569119207975, 'unit': 'g/s'}, 'GPS PDOP': {'value': 1.4, 'unit': 'precision'}, 'Rpm': {'value': 779.0, 'unit': 'u/min'}, 'GPS Altitude': {'value': 111.0, 'unit': 'm'}, 'O2 Lambda Voltage ER': {'value': 0.996978759765625, 'unit': 'ratio'}, 'GPS Accuracy': {'value': 10.0, 'unit': '%'}, 'GPS Speed': {'value': 0.0, 'unit': 'km/h'}, 'Intake Temperature': {'value': 19.0, 'unit': 'c'}, 'Throttle Position': {'value': 87.0, 'unit': '%'}, 'O2 Lambda Voltage': {'value': 0.0, 'unit': 'V'}, 'GPS HDOP': {'value': 1.1, 'unit': 'precision'}, 'MAF': {'value': 8.020000457763672, 'unit': 'l/s'}, 'GPS VDOP': {'value': 0.9, 'unit': 'precision'}, 'Intake Pressure': {'value': 101.0, 'unit': 'kPa'}, 'Engine Load': {'value': 52.54901885986328, 'unit': '%'}}",POINT (7.63015906 51.95977519),0.0,1.1,
52f3836be4b0d8e8c27ed776,2014-02-01T14:24:10Z,"{'Speed': {'value': 0.0, 'unit': 'km/h'}, 'Engine Load': {'value': 49.80392074584961, 'unit': '%'}, 'Rpm': {'value': 780.0, 'unit': 'u/min'}, 'GPS Altitude': {'value': 111.0, 'unit': 'm'}, 'O2 Lambda Voltage ER': {'value': 0.996978759765625, 'unit': 'ratio'}, 'GPS Accuracy': {'value': 10.0, 'unit': '%'}, 'Intake Temperature': {'value': 20.0, 'unit': 'c'}, 'GPS Speed': {'value': 0.0, 'unit': 'km/h'}, 'GPS HDOP': {'value': 1.0, 'unit': 'precision'}, 'Throttle Position': {'value': 87.0, 'unit': '%'}, 'GPS PDOP': {'value': 1.3, 'unit': 'precision'}, 'O2 Lambda Voltage': {'value': 0.0, 'unit': 'V'}, 'Calculated MAF': {'value': 13.229305243267513, 'unit': 'g/s'}, 'GPS VDOP': {'value': 0.9, 'unit': 'precision'}, 'MAF': {'value': 5.860000133514404, 'unit': 'l/s'}, 'Intake Pressure': {'value': 101.0, 'unit': 'kPa'}}",POINT (7.63015947 51.95977315),0.0,1.0,
52f3836be4b0d8e8c27ed778,2014-02-01T14:24:16Z,"{'MAF': {'value': 11.609999656677246, 'unit': 'l/s'}, 'Speed': {'value': 0.0, 'unit': 'km/h'}, 'Rpm': {'value': 780.0, 'unit': 'u/min'}, 'GPS Altitude': {'value': 111.0, 'unit': 'm'}, 'O2 Lambda Voltage ER': {'value': 0.996978759765625, 'unit': 'ratio'}, 'Engine Load': {'value': 52.156864166259766, 'unit': '%'}, 'GPS Accuracy': {'value': 10.0, 'unit': '%'}, 'Intake Temperature': {'value': 20.0, 'unit': 'c'}, 'GPS Speed': {'value': 0.0, 'unit': 'km/h'}, 'GPS HDOP': {'value': 1.0, 'unit': 'precision'}, 'Throttle Position': {'value': 87.0, 'unit': '%'}, 'GPS PDOP': {'value': 1.3, 'unit': 'precision'}, 'O2 Lambda Voltage': {'value': 0.0, 'unit': 'V'}, 'Calculated MAF': {'value': 13.229305243267513, 'unit': 'g/s'}, 'GPS VDOP': {'value': 0.9, 'unit': 'precision'}, 'Intake Pressure': {'value': 101.0, 'unit': 'kPa'}}",POINT (7.63015889 51.95977276),0.0,1.0,
52f3836be4b0d8e8c27ed77a,2014-02-01T14:24:22Z,"{'Speed': {'value': 0.0, 'unit': 'km/h'}, 'Engine Load': {'value': 52.94117736816406, 'unit': '%'}, 'MAF': {'value': 8.609999656677246, 'unit': 'l/s'}, 'GPS Altitude': {'value': 111.0, 'unit': 'm'}, 'O2 Lambda Voltage ER': {'value': 0.996978759765625, 'unit': 'ratio'}, 'Rpm': {'value': 777.0, 'unit': 'u/min'}, 'GPS Accuracy': {'value': 10.0, 'unit': '%'}, 'Intake Temperature': {'value': 20.0, 'unit': 'c'}, 'GPS Speed': {'value': 0.0, 'unit': 'km/h'}, 'Throttle Position': {'value': 87.0, 'unit': '%'}, 'O2 Lambda Voltage': {'value': 0.0, 'unit': 'V'}, 'GPS PDOP': {'value': 1.5, 'unit': 'precision'}, 'GPS VDOP': {'value': 0.9, 'unit': 'precision'}, 'Calculated MAF': {'value': 13.178423300024173, 'unit': 'g/s'}, 'Intake Pressure': {'value': 101.0, 'unit': 'kPa'}, 'GPS HDOP': {'value': 1.2, 'unit': 'precision'}}",POINT (7.63015861 51.95977277),0.0,1.2,
52f3836be4b0d8e8c27ed77c,2014-02-01T14:24:28Z,"{'Speed': {'value': 0.0, 'unit': 'km/h'}, 'MAF': {'value': 10.609999656677246, 'unit': 'l/s'}, 'Engine Load': {'value': 52.94117736816406, 'unit': '%'}, 'Rpm': {'value': 782.0, 'unit': 'u/min'}, 'GPS PDOP': {'value': 1.4, 'unit': 'precision'}, 'GPS Altitude': {'value': 111.0, 'unit': 'm'}, 'O2 Lambda Voltage ER': {'value': 0.996978759765625, 'unit': 'ratio'}, 'GPS Accuracy': {'value': 10.0, 'unit': '%'}, 'Intake Temperature': {'value': 20.0, 'unit': 'c'}, 'GPS Speed': {'value': 0.0, 'unit': 'km/h'}, 'Calculated MAF': {'value': 13.26322653876307, 'unit': 'g/s'}, 'Throttle Position': {'value': 87.0, 'unit': '%'}, 'O2 Lambda Voltage': {'value': 0.0, 'unit': 'V'}, 'GPS HDOP': {'value': 1.1, 'unit': 'precision'}, 'GPS VDOP': {'value': 0.9, 'unit': 'precision'}, 'Intake Pressure': {'value': 101.0, 'unit': 'kPa'}}",POINT (7.63015901 51.9597726),0.0,1.1,
52f3836be4b0d8e8c27ed77e,2014-02-01T14:24:34Z,"{'Speed': {'value': 0.0, 'unit': 'km/h'}, 'Calculated MAF': {'value': 13.297147834258627, 'unit': 'g/s'}, 'Rpm': {'value': 784.0, 'unit': 'u/min'}, 'GPS PDOP': {'value': 1.4, 'unit': 'precision'}, 'MAF': {'value': 10.020000457763672, 'unit': 'l/s'}, 'GPS Altitude': {'value': 111.0, 'unit': 'm'}, 'O2 Lambda Voltage ER': {'value': 0.996978759765625, 'unit': 'ratio'}, 'Engine Load': {'value': 54.117645263671875, 'unit': '%'}, 'GPS Accuracy': {'value': 10.0, 'unit': '%'}, 'Intake Temperature': {'value': 20.0, 'unit': 'c'}, 'GPS Speed': {'value': 0.0, 'unit': 'km/h'}, 'Throttle Position': {'value': 87.0, 'unit': '%'}, 'O2 Lambda Voltage': {'value': 0.0, 'unit': 'V'}, 'GPS HDOP': {'value': 1.1, 'unit': 'precision'}, 'GPS VDOP': {'value': 0.9, 'unit': 'precision'}, 'Intake Pressure': {'value': 101.0, 'unit': 'kPa'}}",POINT (7.63015815 51.95977196),0.0,1.1,
52f3836be4b0d8e8c27ed780,2014-02-01T14:24:40Z,"{'Speed': {'value': 0.0, 'unit': 'km/h'}, 'MAF': {'value': 4.940000057220459, 'unit': 'l/s'}, 'GPS PDOP': {'value': 1.4, 'unit': 'precision'}, 'GPS Altitude': {'value': 111.0, 'unit': 'm'}, 'O2 Lambda Voltage ER': {'value': 0.996978759765625, 'unit': 'ratio'}, 'Intake Temperature': {'value': 21.0, 'unit': 'c'}, 'Rpm': {'value': 777.0, 'unit': 'u/min'}, 'GPS Accuracy': {'value': 10.0, 'unit': '%'}, 'GPS Speed': {'value': 0.0, 'unit': 'km/h'}, 'Throttle Position': {'value': 87.0, 'unit': '%'}, 'O2 Lambda Voltage': {'value': 0.0, 'unit': 'V'}, 'GPS HDOP': {'value': 1.1, 'unit': 'precision'}, 'GPS VDOP': {'value': 0.9, 'unit': 'precision'}, 'Calculated MAF': {'value': 13.13362158899231, 'unit': 'g/s'}, 'Intake Pressure': {'value': 101.0, 'unit': 'kPa'}, 'Engine Load': {'value': 53.72549057006836, 'unit': '%'}}",POINT (7.63015785 51.95977149),0.0,1.1,
52f3836be4b0d8e8c27ed782,2014-02-01T14:24:46Z,"{'Speed': {'value': 0.0, 'unit': 'km/h'}, 'GPS PDOP': {'value': 1.7, 'unit': 'precision'}, 'Engine Load': {'value': 51.3725471496582, 'unit': '%'}, 'Rpm': {'value': 779.0, 'unit': 'u/min'}, 'GPS Altitude': {'value': 111.0, 'unit': 'm'}, 'O2 Lambda Voltage ER': {'value': 0.996978759765625, 'unit': 'ratio'}, 'Intake Temperature': {'value': 21.0, 'unit': 'c'}, 'GPS Accuracy': {'value': 10.0, 'unit': '%'}, 'GPS Speed': {'value': 0.0, 'unit': 'km/h'}, 'GPS HDOP': {'value': 1.4, 'unit': 'precision'}, 'Throttle Position': {'value': 87.0, 'unit': '%'}, 'O2 Lambda Voltage': {'value': 0.0, 'unit': 'V'}, 'GPS VDOP': {'value': 0.9, 'unit': 'precision'}, 'Calculated MAF': {'value': 13.167427564768348, 'unit': 'g/s'}, 'Intake Pressure': {'value': 101.0, 'unit': 'kPa'}, 'MAF': {'value': 2.7699999809265137, 'unit': 'l/s'}}",POINT (7.63015723 51.95977103),0.0,1.4,
52f3836be4b0d8e8c27ed784,2014-02-01T14:24:52Z,"{'Speed': {'value': 0.0, 'unit': 'km/h'}, 'Engine Load': {'value': 49.411766052246094, 'unit': '%'}, 'Intake Pressure': {'value': 100.0, 'unit': 'kPa'}, 'GPS PDOP': {'value': 1.4, 'unit': 'precision'}, 'Rpm': {'value': 779.0, 'unit': 'u/min'}, 'GPS Altitude': {'value': 111.0, 'unit': 'm'}, 'O2 Lambda Voltage ER': {'value': 0.996978759765625, 'unit': 'ratio'}, 'Intake Temperature': {'value': 21.0, 'unit': 'c'}, 'GPS Accuracy': {'value': 10.0, 'unit': '%'}, 'GPS Speed': {'value': 0.0, 'unit': 'km/h'}, 'Throttle Position': {'value': 87.0, 'unit': '%'}, 'Calculated MAF': {'value': 13.037056994820148, 'unit': 'g/s'}, 'O2 Lambda Voltage': {'value': 0.0, 'unit': 'V'}, 'GPS HDOP': {'value': 1.1, 'unit': 'precision'}, 'MAF': {'value': 11.800000190734863, 'unit': 'l/s'}, 'GPS VDOP': {'value': 0.9, 'unit': 'precision'}}",POINT (7.63015714 51.95977098),0.0,1.1,
52f3836be4b0d8e8c27ed786,2014-02-01T14:24:58Z,"{'Speed': {'value': 0.0, 'unit': 'km/h'}, 'MAF': {'value': 8.829999923706055, 'unit': 'l/s'}, 'GPS PDOP': {'value': 1.4, 'unit': 'precision'}, 'Rpm': {'value': 779.0, 'unit': 'u/min'}, 'GPS Altitude': {'value': 111.0, 'unit': 'm'}, 'O2 Lambda Voltage ER': {'value': 0.996978759765625, 'unit': 'ratio'}, 'Intake Temperature': {'value': 21.0, 'unit': 'c'}, 'GPS Accuracy': {'value': 10.0, 'unit': '%'}, 'GPS Speed': {'value': 0.0, 'unit': 'km/h'}, 'GPS HDOP': {'value': 1.0, 'unit': 'precision'}, 'Throttle Position': {'value': 87.0, 'unit': '%'}, 'Engine Load': {'value': 48.6274528503418, 'unit': '%'}, 'O2 Lambda Voltage': {'value': 0.0, 'unit': 'V'}, 'GPS VDOP': {'value': 0.9, 'unit': 'precision'}, 'Calculated MAF': {'value': 13.167427564768348, 'unit': 'g/s'}, 'Intake Pressure': {'value': 101.0, 'unit': 'kPa'}}",POINT (7.63015704 51.95977091),0.0,1.0,
52f3836be4b0d8e8c27ed788,2014-02-01T14:25:04Z,"{'Speed': {'value': 0.0, 'unit': 'km/h'}, 'Intake Pressure': {'value': 100.0, 'unit': 'kPa'}, 'GPS VDOP': {'value': 0.9, 'unit': 'precision'}, 'GPS PDOP': {'value': 1.4, 'unit': 'precision'}, 'GPS Altitude': {'value': 111.0, 'unit': 'm'}, 'GPS Speed': {'value': 0.0, 'unit': 'km/h'}, 'GPS Accuracy': {'value': 10.0, 'unit': '%'}, 'GPS HDOP': {'value': 1.0, 'unit': 'precision'}}",POINT (7.63015721 51.95977089),0.0,1.0,
52f3836be4b0d8e8c27ed78a,2014-02-01T14:25:10Z,"{'GPS Altitude': {'value': 110.0, 'unit': 'm'}, 'GPS VDOP': {'value': 0.9, 'unit': 'precision'}, 'GPS PDOP': {'value': 1.4, 'unit': 'precision'}, 'GPS Accuracy': {'value': 9.0, 'unit': '%'}, 'GPS Speed': {'value': 0.0, 'unit': 'km/h'}, 'GPS HDOP': {'value': 1.0, 'unit': 'precision'}}",POINT (7.63015722 51.95977076),0.0,1.0,
52f3836be4b0d8e8c27ed78c,2014-02-01T14:25:16Z,"{'O2 Lambda Voltage': {'value': 0.0, 'unit': 'V'}, 'GPS HDOP': {'value': 1.1, 'unit': 'precision'}, 'GPS Altitude': {'value': 110.0, 'unit': 'm'}, 'GPS VDOP': {'value': 0.9, 'unit': 'precision'}, 'GPS PDOP': {'value': 1.4, 'unit': 'precision'}, 'O2 Lambda Voltage ER': {'value': 0.996978759765625, 'unit': 'ratio'}, 'GPS Speed': {'value': 0.0, 'unit': 'km/h'}, 'GPS Accuracy': {'value': 10.0, 'unit': '%'}}",POINT (7.6301577 51.9597705),0.0,1.1,
52f3836be4b0d8e8c27ed78e,2014-02-01T14:25:22Z,"{'O2 Lambda Voltage': {'value': 0.0, 'unit': 'V'}, 'GPS VDOP': {'value': 0.9, 'unit': 'precision'}, 'GPS PDOP': {'value': 1.4, 'unit': 'precision'}, 'GPS Altitude': {'value': 111.0, 'unit': 'm'}, 'O2 Lambda Voltage ER': {'value': 0.996978759765625, 'unit': 'ratio'}, 'GPS Speed': {'value': 0.0, 'unit': 'km/h'}, 'GPS Accuracy': {'value': 10.0, 'unit': '%'}, 'GPS HDOP': {'value': 1.0, 'unit': 'precision'}}",POINT (7.63015837 51.95977015),0.0,1.0,
52f3836be4b0d8e8c27ed790,2014-02-01T14:25:28Z,"{'GPS Accuracy': {'value': 11.0, 'unit': '%'}, 'GPS PDOP': {'value': 1.3, 'unit': 'precision'}, 'GPS Bearing': {'value': 37.599998474121094, 'unit': 'deg'}, 'O2 Lambda Voltage': {'value': 0.0, 'unit': 'V'}, 'GPS Altitude': {'value': 106.0, 'unit': 'm'}, 'GPS VDOP': {'value': 0.9, 'unit': 'precision'}, 'GPS Speed': {'value': 9.0, 'unit': 'km/h'}, 'O2 Lambda Voltage ER': {'value': 0.996978759765625, 'unit': 'ratio'}, 'GPS HDOP': {'value': 1.0, 'unit': 'precision'}}",POINT (7.6302367 51.95981847),9.0,1.0,37.599998474121094
52f3836be4b0d8e8c27ed792,2014-02-01T14:25:34Z,"{'GPS Bearing': {'value': 293.3999938964844, 'unit': 'deg'}, 'O2 Lambda Voltage': {'value': 0.0, 'unit': 'V'}, 'GPS PDOP': {'value': 1.5, 'unit': 'precision'}, 'GPS VDOP': {'value': 0.9, 'unit': 'precision'}, 'GPS Accuracy': {'value': 15.0, 'unit': '%'}, 'GPS Speed': {'value': 2.7, 'unit': 'km/h'}, 'O2 Lambda Voltage ER': {'value': 0.996978759765625, 'unit': 'ratio'}, 'GPS Altitude': {'value': 107.0, 'unit': 'm'}, 'GPS HDOP': {'value': 1.2, 'unit': 'precision'}}",POINT (7.63016832 51.95981116),2.7,1.2,293.3999938964844
52f3836be4b0d8e8c27ed794,2014-02-01T14:25:40Z,"{'GPS Bearing': {'value': 293.3999938964844, 'unit': 'deg'}, 'O2 Lambda Voltage': {'value': 0.0, 'unit': 'V'}, 'GPS VDOP': {'value': 1.0, 'unit': 'precision'}, 'GPS HDOP': {'value': 10.2, 'unit': 'precision'}, 'GPS Accuracy': {'value': 34.0, 'unit': '%'}, 'GPS PDOP': {'value': 10.3, 'unit': 'precision'}, 'O2 Lambda Voltage ER': {'value': 0.996978759765625, 'unit': 'ratio'}, 'GPS Altitude': {'value': 107.0, 'unit': 'm'}, 'GPS Speed': {'value': 1.8, 'unit': 'km/h'}}",POINT (7.63012599 51.95982125),1.8,10.2,293.3999938964844
